,true_flatfield_id,intensity,ave_count,n_images,blob_dist_key,rep,image_index,deviation
0,0,10,30,10,biased,0,0,0.010228346576738039
1,0,10,30,10,biased,1,1,0.012586088441962838
2,0,10,30,10,biased,2,2,0.013793601756200261
3,0,10,30,10,biased,3,3,0.01675217984149381
4,0,10,30,10,biased,4,4,0.012783892417519994
5,0,10,30,10,unbiased,0,5,0.009509893384001808
6,0,10,30,10,unbiased,1,6,0.013505330994874663
7,0,10,30,10,unbiased,2,7,0.01316954779403873
8,0,10,30,10,unbiased,3,8,0.012014923482222484
9,0,10,30,10,unbiased,4,9,0.012067783709747096
10,0,10,30,100,biased,0,10,0.006394488652250148
11,0,10,30,100,biased,1,11,0.006934151480376068
12,0,10,30,100,biased,2,12,0.004117122731747056
13,0,10,30,100,biased,3,13,0.006442288578732783
14,0,10,30,100,biased,4,14,0.005274740936018386
15,0,10,30,100,unbiased,0,15,0.007263906611635862
16,0,10,30,100,unbiased,1,16,0.005845901140523726
17,0,10,30,100,unbiased,2,17,0.006335759052916498
18,0,10,30,100,unbiased,3,18,0.006770211237277212
19,0,10,30,100,unbiased,4,19,0.0064335033385813116
20,0,10,30,1000,biased,0,20,0.0024550035397175925
21,0,10,30,1000,biased,1,21,0.0022501754709332274
22,0,10,30,1000,biased,2,22,0.0023103886143949447
23,0,10,30,1000,biased,3,23,0.001932230178782033
24,0,10,30,1000,biased,4,24,0.002155159811859022
25,0,10,30,1000,unbiased,0,25,0.002477873546753912
26,0,10,30,1000,unbiased,1,26,0.002675598105368741
27,0,10,30,1000,unbiased,2,27,0.0025616091028801383
28,0,10,30,1000,unbiased,3,28,0.0027141443775001387
29,0,10,30,1000,unbiased,4,29,0.0023859533954921196
30,0,10,100,10,biased,0,30,0.019443000738311816
31,0,10,100,10,biased,1,31,0.024126345403067066
32,0,10,100,10,biased,2,32,0.024512695319069598
33,0,10,100,10,biased,3,33,0.02432682681398894
34,0,10,100,10,biased,4,34,0.029643042999746655
35,0,10,100,10,unbiased,0,35,0.022924369241060005
36,0,10,100,10,unbiased,1,36,0.021705016024791426
37,0,10,100,10,unbiased,2,37,0.038961901631252925
38,0,10,100,10,unbiased,3,38,0.031711809696200806
39,0,10,100,10,unbiased,4,39,0.021932874198689015
40,0,10,100,100,biased,0,40,0.009314271786310651
41,0,10,100,100,biased,1,41,0.007843452528944875
42,0,10,100,100,biased,2,42,0.009262379556845534
43,0,10,100,100,biased,3,43,0.006428110457268014
44,0,10,100,100,biased,4,44,0.01086498718903373
45,0,10,100,100,unbiased,0,45,0.011958851490429408
46,0,10,100,100,unbiased,1,46,0.009387515295389014
47,0,10,100,100,unbiased,2,47,0.014660013262214708
48,0,10,100,100,unbiased,3,48,0.01354315692850821
49,0,10,100,100,unbiased,4,49,0.01162507380054705
50,0,10,100,1000,biased,0,50,0.003840899010698981
51,0,10,100,1000,biased,1,51,0.004572460117310306
52,0,10,100,1000,biased,2,52,0.003871266142029581
53,0,10,100,1000,biased,3,53,0.004318136154768863
54,0,10,100,1000,biased,4,54,0.004333535649965442
55,0,10,100,1000,unbiased,0,55,0.0046710264091546164
56,0,10,100,1000,unbiased,1,56,0.005117682257042402
57,0,10,100,1000,unbiased,2,57,0.00480857379436704
58,0,10,100,1000,unbiased,3,58,0.004551918218763084
59,0,10,100,1000,unbiased,4,59,0.005104013775248466
60,0,100,30,10,biased,0,60,0.010574707367062473
61,0,100,30,10,biased,1,61,0.011928490390980586
62,0,100,30,10,biased,2,62,0.009470140986072975
63,0,100,30,10,biased,3,63,0.009617614291535775
64,0,100,30,10,biased,4,64,0.015542187688730391
65,0,100,30,10,unbiased,0,65,0.010292973698931666
66,0,100,30,10,unbiased,1,66,0.01415181350932408
67,0,100,30,10,unbiased,2,67,0.01177204023130609
68,0,100,30,10,unbiased,3,68,0.011062766904933023
69,0,100,30,10,unbiased,4,69,0.01312965251668025
70,0,100,30,100,biased,0,70,0.003752198274026978
71,0,100,30,100,biased,1,71,0.004493370765572372
72,0,100,30,100,biased,2,72,0.004350911303870282
73,0,100,30,100,biased,3,73,0.004502952286301692
74,0,100,30,100,biased,4,74,0.004465812555530385
75,0,100,30,100,unbiased,0,75,0.0036315542693448684
76,0,100,30,100,unbiased,1,76,0.0036047779671288206
77,0,100,30,100,unbiased,2,77,0.004699058730083462
78,0,100,30,100,unbiased,3,78,0.0039785708420015204
79,0,100,30,100,unbiased,4,79,0.003992706412924952
80,0,100,30,1000,biased,0,80,0.00202181808753904
81,0,100,30,1000,biased,1,81,0.0019973732922305147
82,0,100,30,1000,biased,2,82,0.00197160554068658
83,0,100,30,1000,biased,3,83,0.001885687477006452
84,0,100,30,1000,biased,4,84,0.0019806996370085477
85,0,100,30,1000,unbiased,0,85,0.0014859981555963508
86,0,100,30,1000,unbiased,1,86,0.0015267155826160872
87,0,100,30,1000,unbiased,2,87,0.0013290307014194552
88,0,100,30,1000,unbiased,3,88,0.0015567425811913297
89,0,100,30,1000,unbiased,4,89,0.0016784442495351548
90,0,100,100,10,biased,0,90,0.01979421628487819
91,0,100,100,10,biased,1,91,0.022029941873050195
92,0,100,100,10,biased,2,92,0.020883723570520055
93,0,100,100,10,biased,3,93,0.019334324746979062
94,0,100,100,10,biased,4,94,0.02094474240469965
95,0,100,100,10,unbiased,0,95,0.01899528289679323
96,0,100,100,10,unbiased,1,96,0.018354884918144982
97,0,100,100,10,unbiased,2,97,0.019815193801967702
98,0,100,100,10,unbiased,3,98,0.021824096340462076
99,0,100,100,10,unbiased,4,99,0.019915560344393936
100,0,100,100,100,biased,0,100,0.00839783992577512
101,0,100,100,100,biased,1,101,0.009485804803515456
102,0,100,100,100,biased,2,102,0.010338315728623993
103,0,100,100,100,biased,3,103,0.01102978236336302
104,0,100,100,100,biased,4,104,0.00937886558124407
105,0,100,100,100,unbiased,0,105,0.012630955241478038
106,0,100,100,100,unbiased,1,106,0.01084408123094729
107,0,100,100,100,unbiased,2,107,0.01047153287894032
108,0,100,100,100,unbiased,3,108,0.012665477234597138
109,0,100,100,100,unbiased,4,109,0.011216576092925219
110,0,100,100,1000,biased,0,110,0.0071501538804799245
111,0,100,100,1000,biased,1,111,0.0066305187424978256
112,0,100,100,1000,biased,2,112,0.0068457884315590006
113,0,100,100,1000,biased,3,113,0.006601117273553289
114,0,100,100,1000,biased,4,114,0.006248439424582065
115,0,100,100,1000,unbiased,0,115,0.004487707387263714
116,0,100,100,1000,unbiased,1,116,0.004719972553433486
117,0,100,100,1000,unbiased,2,117,0.004854515527546871
118,0,100,100,1000,unbiased,3,118,0.004811033115164205
119,0,100,100,1000,unbiased,4,119,0.005217871673231493
120,0,1000,30,10,biased,0,120,0.012940230475568264
121,0,1000,30,10,biased,1,121,0.01158411140616816
122,0,1000,30,10,biased,2,122,0.011288947945652203
123,0,1000,30,10,biased,3,123,0.011478640743563747
124,0,1000,30,10,biased,4,124,0.008590702108377538
125,0,1000,30,10,unbiased,0,125,0.011669597602232932
126,0,1000,30,10,unbiased,1,126,0.010323979249574601
127,0,1000,30,10,unbiased,2,127,0.00897594592699251
128,0,1000,30,10,unbiased,3,128,0.011678350776612324
129,0,1000,30,10,unbiased,4,129,0.009018501809466967
130,0,1000,30,100,biased,0,130,0.004520014466497286
131,0,1000,30,100,biased,1,131,0.0034918341450164135
132,0,1000,30,100,biased,2,132,0.004912188649876394
133,0,1000,30,100,biased,3,133,0.0041549412565771
134,0,1000,30,100,biased,4,134,0.0034297093067978653
135,0,1000,30,100,unbiased,0,135,0.002951788836688166
136,0,1000,30,100,unbiased,1,136,0.002280731764524678
137,0,1000,30,100,unbiased,2,137,0.0026765800828962736
138,0,1000,30,100,unbiased,3,138,0.0025344578161163043
139,0,1000,30,100,unbiased,4,139,0.0024546044910481834
140,0,1000,30,1000,biased,0,140,0.002127854252327799
141,0,1000,30,1000,biased,1,141,0.0023057673239339858
142,0,1000,30,1000,biased,2,142,0.0023398911178948113
143,0,1000,30,1000,biased,3,143,0.002254423534781955
144,0,1000,30,1000,biased,4,144,0.001967707535391718
145,0,1000,30,1000,unbiased,0,145,0.0008617461198346353
146,0,1000,30,1000,unbiased,1,146,0.0008365115528341056
147,0,1000,30,1000,unbiased,2,147,0.0009279100481369151
148,0,1000,30,1000,unbiased,3,148,0.0008518894135513814
149,0,1000,30,1000,unbiased,4,149,0.0007751658503742376
150,0,1000,100,10,biased,0,150,0.02223986060997931
151,0,1000,100,10,biased,1,151,0.016883504211649424
152,0,1000,100,10,biased,2,152,0.016559327327460016
153,0,1000,100,10,biased,3,153,0.02762041401884393
154,0,1000,100,10,biased,4,154,0.021225376326399228
155,0,1000,100,10,unbiased,0,155,0.020671430663266967
156,0,1000,100,10,unbiased,1,156,0.0280776149543421
157,0,1000,100,10,unbiased,2,157,0.014359387203926367
158,0,1000,100,10,unbiased,3,158,0.027490520215664747
159,0,1000,100,10,unbiased,4,159,0.01475496643926124
160,0,1000,100,100,biased,0,160,0.010560067271955702
161,0,1000,100,100,biased,1,161,0.00782063559173083
162,0,1000,100,100,biased,2,162,0.008979549537810824
163,0,1000,100,100,biased,3,163,0.011550449478176591
164,0,1000,100,100,biased,4,164,0.007479600495989898
165,0,1000,100,100,unbiased,0,165,0.010159237368568219
166,0,1000,100,100,unbiased,1,166,0.008906400608076894
167,0,1000,100,100,unbiased,2,167,0.012878706679547101
168,0,1000,100,100,unbiased,3,168,0.012244412117937321
169,0,1000,100,100,unbiased,4,169,0.01061288063527584
170,0,1000,100,1000,biased,0,170,0.006840365353247203
171,0,1000,100,1000,biased,1,171,0.006844254480006937
172,0,1000,100,1000,biased,2,172,0.006573922812517882
173,0,1000,100,1000,biased,3,173,0.006070942818751843
174,0,1000,100,1000,biased,4,174,0.008605198801331353
175,0,1000,100,1000,unbiased,0,175,0.004721199900360498
176,0,1000,100,1000,unbiased,1,176,0.004150197688896358
177,0,1000,100,1000,unbiased,2,177,0.003714587242325377
178,0,1000,100,1000,unbiased,3,178,0.004602571856871918
179,0,1000,100,1000,unbiased,4,179,0.004356813610067048
180,1,10,30,10,biased,0,180,0.024903055024073695
181,1,10,30,10,biased,1,181,0.026437552405287
182,1,10,30,10,biased,2,182,0.029287186071852753
183,1,10,30,10,biased,3,183,0.02371425371777265
184,1,10,30,10,biased,4,184,0.02731264185702197
185,1,10,30,10,unbiased,0,185,0.02363571287063658
186,1,10,30,10,unbiased,1,186,0.024037215829703064
187,1,10,30,10,unbiased,2,187,0.016903947073857166
188,1,10,30,10,unbiased,3,188,0.02322858385204698
189,1,10,30,10,unbiased,4,189,0.017767174198287022
190,1,10,30,100,biased,0,190,0.012582074749005632
191,1,10,30,100,biased,1,191,0.010394765401167181
192,1,10,30,100,biased,2,192,0.010528859504369303
193,1,10,30,100,biased,3,193,0.008483450621132406
194,1,10,30,100,biased,4,194,0.009927693401723867
195,1,10,30,100,unbiased,0,195,0.007567007402755409
196,1,10,30,100,unbiased,1,196,0.00892853084315388
197,1,10,30,100,unbiased,2,197,0.008135954754399707
198,1,10,30,100,unbiased,3,198,0.008164769173422355
199,1,10,30,100,unbiased,4,199,0.009307468554067775
200,1,10,30,1000,biased,0,200,0.005168244164479214
201,1,10,30,1000,biased,1,201,0.004961297480362419
202,1,10,30,1000,biased,2,202,0.00478380733569333
203,1,10,30,1000,biased,3,203,0.0051825588554382275
204,1,10,30,1000,biased,4,204,0.004088967534749085
205,1,10,30,1000,unbiased,0,205,0.0037280921561314755
206,1,10,30,1000,unbiased,1,206,0.0033544774620315057
207,1,10,30,1000,unbiased,2,207,0.0037903815426140355
208,1,10,30,1000,unbiased,3,208,0.0030900299880456394
209,1,10,30,1000,unbiased,4,209,0.003256234631788483
210,1,10,100,10,biased,0,210,0.03739640873073255
211,1,10,100,10,biased,1,211,0.032495778671444875
212,1,10,100,10,biased,2,212,0.034716332956680446
213,1,10,100,10,biased,3,213,0.04907072552932398
214,1,10,100,10,biased,4,214,0.03770039808538075
215,1,10,100,10,unbiased,0,215,0.04527640293425075
216,1,10,100,10,unbiased,1,216,0.02994335279299886
217,1,10,100,10,unbiased,2,217,0.030860088549966545
218,1,10,100,10,unbiased,3,218,0.0403793732676591
219,1,10,100,10,unbiased,4,219,0.045290926533057066
220,1,10,100,100,biased,0,220,0.02219832913103429
221,1,10,100,100,biased,1,221,0.021995092032210898
222,1,10,100,100,biased,2,222,0.01842956682839149
223,1,10,100,100,biased,3,223,0.019917741067996035
224,1,10,100,100,biased,4,224,0.0197969304140687
225,1,10,100,100,unbiased,0,225,0.018822869115898266
226,1,10,100,100,unbiased,1,226,0.01382195289943492
227,1,10,100,100,unbiased,2,227,0.018516909447229703
228,1,10,100,100,unbiased,3,228,0.013334263803895222
229,1,10,100,100,unbiased,4,229,0.017403578555078916
230,1,10,100,1000,biased,0,230,0.016728299793934906
231,1,10,100,1000,biased,1,231,0.018346496157929604
232,1,10,100,1000,biased,2,232,0.01634116460865969
233,1,10,100,1000,biased,3,233,0.018214499112571024
234,1,10,100,1000,biased,4,234,0.017898713965824948
235,1,10,100,1000,unbiased,0,235,0.006665862071131595
236,1,10,100,1000,unbiased,1,236,0.00689299595791557
237,1,10,100,1000,unbiased,2,237,0.0071457822720599265
238,1,10,100,1000,unbiased,3,238,0.006246367013959269
239,1,10,100,1000,unbiased,4,239,0.00735119174297407
240,1,100,30,10,biased,0,240,0.017851884212579903
241,1,100,30,10,biased,1,241,0.025781900837944814
242,1,100,30,10,biased,2,242,0.019622503054510698
243,1,100,30,10,biased,3,243,0.021145087081398506
244,1,100,30,10,biased,4,244,0.020205204034847754
245,1,100,30,10,unbiased,0,245,0.017639047518212582
246,1,100,30,10,unbiased,1,246,0.016222094536484995
247,1,100,30,10,unbiased,2,247,0.01384175073694769
248,1,100,30,10,unbiased,3,248,0.021016311952768017
249,1,100,30,10,unbiased,4,249,0.013757119627587248
250,1,100,30,100,biased,0,250,0.005682488024116483
251,1,100,30,100,biased,1,251,0.006953678146681294
252,1,100,30,100,biased,2,252,0.00791521999267163
253,1,100,30,100,biased,3,253,0.006005440408272561
254,1,100,30,100,biased,4,254,0.006981748649553065
255,1,100,30,100,unbiased,0,255,0.0049737285226267
256,1,100,30,100,unbiased,1,256,0.004454012112354631
257,1,100,30,100,unbiased,2,257,0.004962583554163394
258,1,100,30,100,unbiased,3,258,0.0050826545112721755
259,1,100,30,100,unbiased,4,259,0.004835766759671038
260,1,100,30,1000,biased,0,260,0.003135518365360977
261,1,100,30,1000,biased,1,261,0.0036300153696865586
262,1,100,30,1000,biased,2,262,0.003033578347388987
263,1,100,30,1000,biased,3,263,0.0031893501229221764
264,1,100,30,1000,biased,4,264,0.0027120781878158112
265,1,100,30,1000,unbiased,0,265,0.001782263400007589
266,1,100,30,1000,unbiased,1,266,0.0020614522162398343
267,1,100,30,1000,unbiased,2,267,0.001895749389843794
268,1,100,30,1000,unbiased,3,268,0.0018460543257855706
269,1,100,30,1000,unbiased,4,269,0.0019724784053313923
270,1,100,100,10,biased,0,270,0.033122010691111675
271,1,100,100,10,biased,1,271,0.041404215009100465
272,1,100,100,10,biased,2,272,0.03342596601335878
273,1,100,100,10,biased,3,273,0.050267841550902054
274,1,100,100,10,biased,4,274,0.04409283545781445
275,1,100,100,10,unbiased,0,275,0.04417747434648627
276,1,100,100,10,unbiased,1,276,0.03115214969909145
277,1,100,100,10,unbiased,2,277,0.03548676305249046
278,1,100,100,10,unbiased,3,278,0.04210915709666389
279,1,100,100,10,unbiased,4,279,0.041385752059023485
280,1,100,100,100,biased,0,280,0.020146505185060563
281,1,100,100,100,biased,1,281,0.026708625610632083
282,1,100,100,100,biased,2,282,0.02424056115153396
283,1,100,100,100,biased,3,283,0.022466170902261606
284,1,100,100,100,biased,4,284,0.023205885921051377
285,1,100,100,100,unbiased,0,285,0.01976650278748712
286,1,100,100,100,unbiased,1,286,0.013624497824548512
287,1,100,100,100,unbiased,2,287,0.014628977903559864
288,1,100,100,100,unbiased,3,288,0.01627697328026858
289,1,100,100,100,unbiased,4,289,0.01678980610425833
290,1,100,100,1000,biased,0,290,0.0194240879549252
291,1,100,100,1000,biased,1,291,0.01648011721150531
292,1,100,100,1000,biased,2,292,0.017003433048909358
293,1,100,100,1000,biased,3,293,0.015745205054875464
294,1,100,100,1000,biased,4,294,0.01729534628529072
295,1,100,100,1000,unbiased,0,295,0.0056836895262482486
296,1,100,100,1000,unbiased,1,296,0.006081531531445916
297,1,100,100,1000,unbiased,2,297,0.006295731401706746
298,1,100,100,1000,unbiased,3,298,0.006479551327352982
299,1,100,100,1000,unbiased,4,299,0.0054785230544529126
300,1,1000,30,10,biased,0,300,0.023501902697923547
301,1,1000,30,10,biased,1,301,0.02153458546672249
302,1,1000,30,10,biased,2,302,0.019137191385272114
303,1,1000,30,10,biased,3,303,0.02307738886021122
304,1,1000,30,10,biased,4,304,0.02212388355373046
305,1,1000,30,10,unbiased,0,305,0.01089292438734468
306,1,1000,30,10,unbiased,1,306,0.010952174536967464
307,1,1000,30,10,unbiased,2,307,0.015561721797876524
308,1,1000,30,10,unbiased,3,308,0.014550777099011838
309,1,1000,30,10,unbiased,4,309,0.013266680601736767
310,1,1000,30,100,biased,0,310,0.0062986456691571996
311,1,1000,30,100,biased,1,311,0.0072164190808005
312,1,1000,30,100,biased,2,312,0.00778545503821363
313,1,1000,30,100,biased,3,313,0.007039562533777377
314,1,1000,30,100,biased,4,314,0.007038021972486156
315,1,1000,30,100,unbiased,0,315,0.002624161547699359
316,1,1000,30,100,unbiased,1,316,0.0027989839446352716
317,1,1000,30,100,unbiased,2,317,0.003001109484394464
318,1,1000,30,100,unbiased,3,318,0.0029346831962359324
319,1,1000,30,100,unbiased,4,319,0.0030658701347337815
320,1,1000,30,1000,biased,0,320,0.0031449924024832482
321,1,1000,30,1000,biased,1,321,0.003366093356578698
322,1,1000,30,1000,biased,2,322,0.003311407771590027
323,1,1000,30,1000,biased,3,323,0.0035139044509559523
324,1,1000,30,1000,biased,4,324,0.003964557551020216
325,1,1000,30,1000,unbiased,0,325,0.0010029796481984313
326,1,1000,30,1000,unbiased,1,326,0.0011512933638053316
327,1,1000,30,1000,unbiased,2,327,0.00107855147186499
328,1,1000,30,1000,unbiased,3,328,0.0011169412823581882
329,1,1000,30,1000,unbiased,4,329,0.0009962786163394172
330,1,1000,100,10,biased,0,330,0.046414006164914506
331,1,1000,100,10,biased,1,331,0.043286436613587734
332,1,1000,100,10,biased,2,332,0.047852476147451015
333,1,1000,100,10,biased,3,333,0.050465997634702414
334,1,1000,100,10,biased,4,334,0.04259918418320127
335,1,1000,100,10,unbiased,0,335,0.036169686436201845
336,1,1000,100,10,unbiased,1,336,0.033627675566420726
337,1,1000,100,10,unbiased,2,337,0.028131454671572305
338,1,1000,100,10,unbiased,3,338,0.03914915620642097
339,1,1000,100,10,unbiased,4,339,0.03256526813001287
340,1,1000,100,100,biased,0,340,0.02395514111607795
341,1,1000,100,100,biased,1,341,0.01978488043090291
342,1,1000,100,100,biased,2,342,0.025590112078773892
343,1,1000,100,100,biased,3,343,0.02352529086399806
344,1,1000,100,100,biased,4,344,0.026389839554738035
345,1,1000,100,100,unbiased,0,345,0.013478466645346479
346,1,1000,100,100,unbiased,1,346,0.01454993328808773
347,1,1000,100,100,unbiased,2,347,0.013186424570650326
348,1,1000,100,100,unbiased,3,348,0.015456337730244865
349,1,1000,100,100,unbiased,4,349,0.013649255654939503
350,1,1000,100,1000,biased,0,350,0.018267464834507224
351,1,1000,100,1000,biased,1,351,0.01828364794205945
352,1,1000,100,1000,biased,2,352,0.018428948723361444
353,1,1000,100,1000,biased,3,353,0.019262988338388035
354,1,1000,100,1000,biased,4,354,0.01880542088312342
355,1,1000,100,1000,unbiased,0,355,0.00484378327189074
356,1,1000,100,1000,unbiased,1,356,0.0051846629149176465
357,1,1000,100,1000,unbiased,2,357,0.005318535555493395
358,1,1000,100,1000,unbiased,3,358,0.005724254306828709
359,1,1000,100,1000,unbiased,4,359,0.00561543607138729
360,2,10,30,10,biased,0,360,0.01576559138528235
361,2,10,30,10,biased,1,361,0.02052295639791832
362,2,10,30,10,biased,2,362,0.013190378686737562
363,2,10,30,10,biased,3,363,0.010641122385215722
364,2,10,30,10,biased,4,364,0.013672660318352282
365,2,10,30,10,unbiased,0,365,0.012496965289114991
366,2,10,30,10,unbiased,1,366,0.012666585906518875
367,2,10,30,10,unbiased,2,367,0.013853281579693021
368,2,10,30,10,unbiased,3,368,0.01098082536881765
369,2,10,30,10,unbiased,4,369,0.011894870239012876
370,2,10,30,100,biased,0,370,0.005504751546017067
371,2,10,30,100,biased,1,371,0.006479898105282237
372,2,10,30,100,biased,2,372,0.005261605994864663
373,2,10,30,100,biased,3,373,0.005914729982973375
374,2,10,30,100,biased,4,374,0.006477257735611942
375,2,10,30,100,unbiased,0,375,0.006912631813041388
376,2,10,30,100,unbiased,1,376,0.004963479470252527
377,2,10,30,100,unbiased,2,377,0.006386280425957442
378,2,10,30,100,unbiased,3,378,0.005907448457140027
379,2,10,30,100,unbiased,4,379,0.006208895871738735
380,2,10,30,1000,biased,0,380,0.003220877460151982
381,2,10,30,1000,biased,1,381,0.0036794759086221248
382,2,10,30,1000,biased,2,382,0.003869033805201588
383,2,10,30,1000,biased,3,383,0.003224942582963285
384,2,10,30,1000,biased,4,384,0.004164043940752655
385,2,10,30,1000,unbiased,0,385,0.0023828136124770007
386,2,10,30,1000,unbiased,1,386,0.0027566820654500966
387,2,10,30,1000,unbiased,2,387,0.002772450362399608
388,2,10,30,1000,unbiased,3,388,0.0024016787661295435
389,2,10,30,1000,unbiased,4,389,0.002168256262670782
390,2,10,100,10,biased,0,390,0.017471068337034712
391,2,10,100,10,biased,1,391,0.02278879005293819
392,2,10,100,10,biased,2,392,0.03929877485462978
393,2,10,100,10,biased,3,393,0.019543304080661864
394,2,10,100,10,biased,4,394,0.02424029395478429
395,2,10,100,10,unbiased,0,395,0.018538407950574494
396,2,10,100,10,unbiased,1,396,0.029211977794563145
397,2,10,100,10,unbiased,2,397,0.015495968521904442
398,2,10,100,10,unbiased,3,398,0.02904833539167568
399,2,10,100,10,unbiased,4,399,0.023295053979436257
400,2,10,100,100,biased,0,400,0.017040390896791206
401,2,10,100,100,biased,1,401,0.017094329922171192
402,2,10,100,100,biased,2,402,0.012939517279781567
403,2,10,100,100,biased,3,403,0.012450894657604102
404,2,10,100,100,biased,4,404,0.014750649765856959
405,2,10,100,100,unbiased,0,405,0.007945134687237555
406,2,10,100,100,unbiased,1,406,0.012467330390114792
407,2,10,100,100,unbiased,2,407,0.00847828090950905
408,2,10,100,100,unbiased,3,408,0.01063519346205678
409,2,10,100,100,unbiased,4,409,0.01265442995153278
410,2,10,100,1000,biased,0,410,0.014143954422108763
411,2,10,100,1000,biased,1,411,0.012728293666788147
412,2,10,100,1000,biased,2,412,0.013871307656021726
413,2,10,100,1000,biased,3,413,0.011780824586247258
414,2,10,100,1000,biased,4,414,0.012733235578624172
415,2,10,100,1000,unbiased,0,415,0.005154603113819471
416,2,10,100,1000,unbiased,1,416,0.005114800392573081
417,2,10,100,1000,unbiased,2,417,0.0049968354095545975
418,2,10,100,1000,unbiased,3,418,0.004987865328231481
419,2,10,100,1000,unbiased,4,419,0.004482820783928828
420,2,100,30,10,biased,0,420,0.014571625057807359
421,2,100,30,10,biased,1,421,0.015305485018274669
422,2,100,30,10,biased,2,422,0.009479492596539109
423,2,100,30,10,biased,3,423,0.009538657977044358
424,2,100,30,10,biased,4,424,0.013874075595692988
425,2,100,30,10,unbiased,0,425,0.014009912812753586
426,2,100,30,10,unbiased,1,426,0.013559980268433493
427,2,100,30,10,unbiased,2,427,0.008458412689782488
428,2,100,30,10,unbiased,3,428,0.01284213067969615
429,2,100,30,10,unbiased,4,429,0.011005955750924135
430,2,100,30,100,biased,0,430,0.0041433684972129025
431,2,100,30,100,biased,1,431,0.003565855191478896
432,2,100,30,100,biased,2,432,0.006094049672203014
433,2,100,30,100,biased,3,433,0.005496719653775961
434,2,100,30,100,biased,4,434,0.00381287625435175
435,2,100,30,100,unbiased,0,435,0.0044819315946541555
436,2,100,30,100,unbiased,1,436,0.0035421442540126725
437,2,100,30,100,unbiased,2,437,0.004347973108380594
438,2,100,30,100,unbiased,3,438,0.004159101114087637
439,2,100,30,100,unbiased,4,439,0.0039522144597662285
440,2,100,30,1000,biased,0,440,0.0027233961964290886
441,2,100,30,1000,biased,1,441,0.0025056304598144127
442,2,100,30,1000,biased,2,442,0.0026642378092108787
443,2,100,30,1000,biased,3,443,0.00235615692668228
444,2,100,30,1000,biased,4,444,0.0021663345029462626
445,2,100,30,1000,unbiased,0,445,0.0016363856557994774
446,2,100,30,1000,unbiased,1,446,0.0014446379969684457
447,2,100,30,1000,unbiased,2,447,0.001775451131529656
448,2,100,30,1000,unbiased,3,448,0.0015088687079656345
449,2,100,30,1000,unbiased,4,449,0.0017596118334557158
450,2,100,100,10,biased,0,450,0.026536310680982125
451,2,100,100,10,biased,1,451,0.023884019579001787
452,2,100,100,10,biased,2,452,0.027544822519808304
453,2,100,100,10,biased,3,453,0.035043407623618475
454,2,100,100,10,biased,4,454,0.028850155819913154
455,2,100,100,10,unbiased,0,455,0.022909413426980635
456,2,100,100,10,unbiased,1,456,0.02130968068359034
457,2,100,100,10,unbiased,2,457,0.02650916661850517
458,2,100,100,10,unbiased,3,458,0.022688913980427973
459,2,100,100,10,unbiased,4,459,0.029697918845900905
460,2,100,100,100,biased,0,460,0.013157941767572569
461,2,100,100,100,biased,1,461,0.013798392780382925
462,2,100,100,100,biased,2,462,0.014512933299000969
463,2,100,100,100,biased,3,463,0.01707127911150913
464,2,100,100,100,biased,4,464,0.017888353133679126
465,2,100,100,100,unbiased,0,465,0.008044114928948996
466,2,100,100,100,unbiased,1,466,0.009206115713545258
467,2,100,100,100,unbiased,2,467,0.01257087565361601
468,2,100,100,100,unbiased,3,468,0.011293711663805323
469,2,100,100,100,unbiased,4,469,0.012171109867071192
470,2,100,100,1000,biased,0,470,0.014524863885022575
471,2,100,100,1000,biased,1,471,0.015010342882972986
472,2,100,100,1000,biased,2,472,0.013974907605985534
473,2,100,100,1000,biased,3,473,0.015878692758671757
474,2,100,100,1000,biased,4,474,0.014327048288949939
475,2,100,100,1000,unbiased,0,475,0.004424276664780138
476,2,100,100,1000,unbiased,1,476,0.004160189831144292
477,2,100,100,1000,unbiased,2,477,0.005147939833629686
478,2,100,100,1000,unbiased,3,478,0.005315100334300082
479,2,100,100,1000,unbiased,4,479,0.004655637628086843
480,2,1000,30,10,biased,0,480,0.009153094110831452
481,2,1000,30,10,biased,1,481,0.011191773331743074
482,2,1000,30,10,biased,2,482,0.013504919762080896
483,2,1000,30,10,biased,3,483,0.013328523831706823
484,2,1000,30,10,biased,4,484,0.016508686187646684
485,2,1000,30,10,unbiased,0,485,0.009691433188004417
486,2,1000,30,10,unbiased,1,486,0.009284448093305055
487,2,1000,30,10,unbiased,2,487,0.014264283122176502
488,2,1000,30,10,unbiased,3,488,0.010362905841774822
489,2,1000,30,10,unbiased,4,489,0.00952812412037021
490,2,1000,30,100,biased,0,490,0.004507334258624292
491,2,1000,30,100,biased,1,491,0.005674097335405378
492,2,1000,30,100,biased,2,492,0.005984883088981569
493,2,1000,30,100,biased,3,493,0.003857472531010246
494,2,1000,30,100,biased,4,494,0.0049766383012669856
495,2,1000,30,100,unbiased,0,495,0.0020212375322042698
496,2,1000,30,100,unbiased,1,496,0.0024848840442389364
497,2,1000,30,100,unbiased,2,497,0.0023702073663830333
498,2,1000,30,100,unbiased,3,498,0.0025041472225775254
499,2,1000,30,100,unbiased,4,499,0.0019973887140488037
500,2,1000,30,1000,biased,0,500,0.002351082991359903
501,2,1000,30,1000,biased,1,501,0.0021480943270536144
502,2,1000,30,1000,biased,2,502,0.002766650989732815
503,2,1000,30,1000,biased,3,503,0.0024569538719942667
504,2,1000,30,1000,biased,4,504,0.0022246717148933434
505,2,1000,30,1000,unbiased,0,505,0.0009274289058048486
506,2,1000,30,1000,unbiased,1,506,0.0007736374328448862
507,2,1000,30,1000,unbiased,2,507,0.0008514572179318719
508,2,1000,30,1000,unbiased,3,508,0.0007878029944398816
509,2,1000,30,1000,unbiased,4,509,0.0009267278310614325
510,2,1000,100,10,biased,0,510,0.017464678772065822
511,2,1000,100,10,biased,1,511,0.02534412204715946
512,2,1000,100,10,biased,2,512,0.03280735049780877
513,2,1000,100,10,biased,3,513,0.01811037491290591
514,2,1000,100,10,biased,4,514,0.030063045677658006
515,2,1000,100,10,unbiased,0,515,0.022243996929044926
516,2,1000,100,10,unbiased,1,516,0.021836832546859922
517,2,1000,100,10,unbiased,2,517,0.021507875281718672
518,2,1000,100,10,unbiased,3,518,0.021897436822901902
519,2,1000,100,10,unbiased,4,519,0.038745640118641664
520,2,1000,100,100,biased,0,520,0.017413532848213623
521,2,1000,100,100,biased,1,521,0.023054993770464244
522,2,1000,100,100,biased,2,522,0.020900684810677424
523,2,1000,100,100,biased,3,523,0.013591500524172071
524,2,1000,100,100,biased,4,524,0.014929289171257566
525,2,1000,100,100,unbiased,0,525,0.010165821872883063
526,2,1000,100,100,unbiased,1,526,0.011542503949769915
527,2,1000,100,100,unbiased,2,527,0.011469686087402007
528,2,1000,100,100,unbiased,3,528,0.01005404556393456
529,2,1000,100,100,unbiased,4,529,0.013414513730960463
530,2,1000,100,1000,biased,0,530,0.015222364006072988
531,2,1000,100,1000,biased,1,531,0.014800422767615727
532,2,1000,100,1000,biased,2,532,0.014685926766800153
533,2,1000,100,1000,biased,3,533,0.0160275553264541
534,2,1000,100,1000,biased,4,534,0.015285546598300847
535,2,1000,100,1000,unbiased,0,535,0.003498362522857741
536,2,1000,100,1000,unbiased,1,536,0.004348611554282504
537,2,1000,100,1000,unbiased,2,537,0.0040299377942780495
538,2,1000,100,1000,unbiased,3,538,0.003984415210889224
539,2,1000,100,1000,unbiased,4,539,0.004252739700188969
540,3,10,30,10,biased,0,540,0.02200198232573032
541,3,10,30,10,biased,1,541,0.020144957553882722
542,3,10,30,10,biased,2,542,0.024941883980063393
543,3,10,30,10,biased,3,543,0.021158433912359456
544,3,10,30,10,biased,4,544,0.01848691599353457
545,3,10,30,10,unbiased,0,545,0.02193671540522264
546,3,10,30,10,unbiased,1,546,0.018290891163280663
547,3,10,30,10,unbiased,2,547,0.01598242558021598
548,3,10,30,10,unbiased,3,548,0.018091399837495744
549,3,10,30,10,unbiased,4,549,0.02201354430932788
550,3,10,30,100,biased,0,550,0.009242502404172924
551,3,10,30,100,biased,1,551,0.008570750764604052
552,3,10,30,100,biased,2,552,0.008386681459580374
553,3,10,30,100,biased,3,553,0.011477833359368009
554,3,10,30,100,biased,4,554,0.008243308452060932
555,3,10,30,100,unbiased,0,555,0.008318807679050928
556,3,10,30,100,unbiased,1,556,0.0070195156313322135
557,3,10,30,100,unbiased,2,557,0.0072910603120748705
558,3,10,30,100,unbiased,3,558,0.008544012308378453
559,3,10,30,100,unbiased,4,559,0.008419358244686984
560,3,10,30,1000,biased,0,560,0.0050688213302982465
561,3,10,30,1000,biased,1,561,0.00504455549875966
562,3,10,30,1000,biased,2,562,0.005810906142325992
563,3,10,30,1000,biased,3,563,0.0062660791844530205
564,3,10,30,1000,biased,4,564,0.005664511975104014
565,3,10,30,1000,unbiased,0,565,0.0028887665720147655
566,3,10,30,1000,unbiased,1,566,0.002910316865196459
567,3,10,30,1000,unbiased,2,567,0.0026223898538274724
568,3,10,30,1000,unbiased,3,568,0.0032159478412503583
569,3,10,30,1000,unbiased,4,569,0.003183406118174312
570,3,10,100,10,biased,0,570,0.04555652614707155
571,3,10,100,10,biased,1,571,0.045635235355814305
572,3,10,100,10,biased,2,572,0.04629055847201568
573,3,10,100,10,biased,3,573,0.03751462571319866
574,3,10,100,10,biased,4,574,0.03279350910388727
575,3,10,100,10,unbiased,0,575,0.03545292351459661
576,3,10,100,10,unbiased,1,576,0.03271310519467556
577,3,10,100,10,unbiased,2,577,0.029734579632669043
578,3,10,100,10,unbiased,3,578,0.033503333406309385
579,3,10,100,10,unbiased,4,579,0.031986338043611395
580,3,10,100,100,biased,0,580,0.03824133122497904
581,3,10,100,100,biased,1,581,0.02879913309477876
582,3,10,100,100,biased,2,582,0.021660668421575522
583,3,10,100,100,biased,3,583,0.0243405065384599
584,3,10,100,100,biased,4,584,0.02723086811475907
585,3,10,100,100,unbiased,0,585,0.012527359399206586
586,3,10,100,100,unbiased,1,586,0.013884926344264347
587,3,10,100,100,unbiased,2,587,0.013971250421359395
588,3,10,100,100,unbiased,3,588,0.015047126215249132
589,3,10,100,100,unbiased,4,589,0.016180315980900313
590,3,10,100,1000,biased,0,590,0.027167806776078367
591,3,10,100,1000,biased,1,591,0.023560447413802026
592,3,10,100,1000,biased,2,592,0.02701634246349467
593,3,10,100,1000,biased,3,593,0.02646675631460623
594,3,10,100,1000,biased,4,594,0.022968882771466317
595,3,10,100,1000,unbiased,0,595,0.006847221889632588
596,3,10,100,1000,unbiased,1,596,0.006163424496331381
597,3,10,100,1000,unbiased,2,597,0.006563959178990341
598,3,10,100,1000,unbiased,3,598,0.006096501919638382
599,3,10,100,1000,unbiased,4,599,0.006637333772359531
600,3,100,30,10,biased,0,600,0.0157128872360413
601,3,100,30,10,biased,1,601,0.01613880023707168
602,3,100,30,10,biased,2,602,0.014830151964211315
603,3,100,30,10,biased,3,603,0.015784435817780877
604,3,100,30,10,biased,4,604,0.01788199119525978
605,3,100,30,10,unbiased,0,605,0.015754640663086305
606,3,100,30,10,unbiased,1,606,0.014453865813707941
607,3,100,30,10,unbiased,2,607,0.01723525513493405
608,3,100,30,10,unbiased,3,608,0.019614341983468016
609,3,100,30,10,unbiased,4,609,0.015567565745181354
610,3,100,30,100,biased,0,610,0.00711624881442817
611,3,100,30,100,biased,1,611,0.00735244958527252
612,3,100,30,100,biased,2,612,0.006883734666129432
613,3,100,30,100,biased,3,613,0.006810072893557234
614,3,100,30,100,biased,4,614,0.006497174771723515
615,3,100,30,100,unbiased,0,615,0.004875244209117166
616,3,100,30,100,unbiased,1,616,0.004355468793580255
617,3,100,30,100,unbiased,2,617,0.005568248532847939
618,3,100,30,100,unbiased,3,618,0.0050573227519581185
619,3,100,30,100,unbiased,4,619,0.004518546174349089
620,3,100,30,1000,biased,0,620,0.004324430281212956
621,3,100,30,1000,biased,1,621,0.004219697859031684
622,3,100,30,1000,biased,2,622,0.003582092782622184
623,3,100,30,1000,biased,3,623,0.004320768476365036
624,3,100,30,1000,biased,4,624,0.004409901669301884
625,3,100,30,1000,unbiased,0,625,0.001866157677826408
626,3,100,30,1000,unbiased,1,626,0.0017351827383590324
627,3,100,30,1000,unbiased,2,627,0.0016373168041214688
628,3,100,30,1000,unbiased,3,628,0.0018599208916011015
629,3,100,30,1000,unbiased,4,629,0.0015210135134644952
630,3,100,100,10,biased,0,630,0.03741415404579751
631,3,100,100,10,biased,1,631,0.047964224054700896
632,3,100,100,10,biased,2,632,0.028207835244482275
633,3,100,100,10,biased,3,633,0.03499211965476584
634,3,100,100,10,biased,4,634,0.03715479917903958
635,3,100,100,10,unbiased,0,635,0.03593284393332463
636,3,100,100,10,unbiased,1,636,0.03410290244053258
637,3,100,100,10,unbiased,2,637,0.03193198017548654
638,3,100,100,10,unbiased,3,638,0.03011098155831213
639,3,100,100,10,unbiased,4,639,0.03482255567019836
640,3,100,100,100,biased,0,640,0.029558861181792524
641,3,100,100,100,biased,1,641,0.02726562815878698
642,3,100,100,100,biased,2,642,0.024916194171123257
643,3,100,100,100,biased,3,643,0.03263693779424632
644,3,100,100,100,biased,4,644,0.02976489201714577
645,3,100,100,100,unbiased,0,645,0.013561691958305908
646,3,100,100,100,unbiased,1,646,0.01673591910639932
647,3,100,100,100,unbiased,2,647,0.012238503050514247
648,3,100,100,100,unbiased,3,648,0.011831624779190836
649,3,100,100,100,unbiased,4,649,0.015816850937172017
650,3,100,100,1000,biased,0,650,0.023460784178309373
651,3,100,100,1000,biased,1,651,0.028441673303165348
652,3,100,100,1000,biased,2,652,0.024735948540840377
653,3,100,100,1000,biased,3,653,0.025678237716122116
654,3,100,100,1000,biased,4,654,0.0269211294163032
655,3,100,100,1000,unbiased,0,655,0.005787915773446329
656,3,100,100,1000,unbiased,1,656,0.0053602297030971805
657,3,100,100,1000,unbiased,2,657,0.005639278104165234
658,3,100,100,1000,unbiased,3,658,0.005683392354064125
659,3,100,100,1000,unbiased,4,659,0.005270881770270686
660,3,1000,30,10,biased,0,660,0.01769285879620286
661,3,1000,30,10,biased,1,661,0.024743675953862312
662,3,1000,30,10,biased,2,662,0.01665961819153316
663,3,1000,30,10,biased,3,663,0.016182530286611378
664,3,1000,30,10,biased,4,664,0.01706629105924189
665,3,1000,30,10,unbiased,0,665,0.012019084461038925
666,3,1000,30,10,unbiased,1,666,0.017253687022096807
667,3,1000,30,10,unbiased,2,667,0.013664480794145043
668,3,1000,30,10,unbiased,3,668,0.017637484254478406
669,3,1000,30,10,unbiased,4,669,0.014915478276133617
670,3,1000,30,100,biased,0,670,0.009720171493937614
671,3,1000,30,100,biased,1,671,0.005427414239536321
672,3,1000,30,100,biased,2,672,0.00657170266177259
673,3,1000,30,100,biased,3,673,0.0066932675519307955
674,3,1000,30,100,biased,4,674,0.005821862707696595
675,3,1000,30,100,unbiased,0,675,0.0025663053703522728
676,3,1000,30,100,unbiased,1,676,0.0030146388748917285
677,3,1000,30,100,unbiased,2,677,0.0026058283757456266
678,3,1000,30,100,unbiased,3,678,0.0022328168506064922
679,3,1000,30,100,unbiased,4,679,0.0029373826511161993
680,3,1000,30,1000,biased,0,680,0.0034961872117883104
681,3,1000,30,1000,biased,1,681,0.0033655799380605785
682,3,1000,30,1000,biased,2,682,0.004127193163499307
683,3,1000,30,1000,biased,3,683,0.00390172244343603
684,3,1000,30,1000,biased,4,684,0.0035790850076714903
685,3,1000,30,1000,unbiased,0,685,0.000952144399533688
686,3,1000,30,1000,unbiased,1,686,0.0011390646018901319
687,3,1000,30,1000,unbiased,2,687,0.0009207538443154358
688,3,1000,30,1000,unbiased,3,688,0.0010135393616563662
689,3,1000,30,1000,unbiased,4,689,0.0010784949513519384
690,3,1000,100,10,biased,0,690,0.03345671867532368
691,3,1000,100,10,biased,1,691,0.031464431433578986
692,3,1000,100,10,biased,2,692,0.030618853987030896
693,3,1000,100,10,biased,3,693,0.03119121562749211
694,3,1000,100,10,biased,4,694,0.03050916330651559
695,3,1000,100,10,unbiased,0,695,0.03651385516575782
696,3,1000,100,10,unbiased,1,696,0.029551474630977567
697,3,1000,100,10,unbiased,2,697,0.03290485876976053
698,3,1000,100,10,unbiased,3,698,0.03814081097654773
699,3,1000,100,10,unbiased,4,699,0.022436064197034988
700,3,1000,100,100,biased,0,700,0.025850962492329814
701,3,1000,100,100,biased,1,701,0.02461053027461901
702,3,1000,100,100,biased,2,702,0.024142499938884752
703,3,1000,100,100,biased,3,703,0.030084063446237173
704,3,1000,100,100,biased,4,704,0.03337412394076033
705,3,1000,100,100,unbiased,0,705,0.011035018504514485
706,3,1000,100,100,unbiased,1,706,0.011525414547059206
707,3,1000,100,100,unbiased,2,707,0.012517496591190051
708,3,1000,100,100,unbiased,3,708,0.01621317436335625
709,3,1000,100,100,unbiased,4,709,0.01291649017422345
710,3,1000,100,1000,biased,0,710,0.025158776592025294
711,3,1000,100,1000,biased,1,711,0.025778003652486843
712,3,1000,100,1000,biased,2,712,0.025643176813317292
713,3,1000,100,1000,biased,3,713,0.02566026553031437
714,3,1000,100,1000,biased,4,714,0.024200891305763424
715,3,1000,100,1000,unbiased,0,715,0.0052589742095916605
716,3,1000,100,1000,unbiased,1,716,0.004584006215109446
717,3,1000,100,1000,unbiased,2,717,0.004957955594047729
718,3,1000,100,1000,unbiased,3,718,0.003975104008273033
719,3,1000,100,1000,unbiased,4,719,0.004958964262168842
