,true_flatfield_id,intensity,ave_count,n_images,blob_dist_key,rep
0,0,10,10,10,biased,0
1,0,10,10,10,biased,1
2,0,10,10,10,biased,2
3,0,10,10,10,biased,3
4,0,10,10,10,biased,4
5,0,10,10,10,unbiased,0
6,0,10,10,10,unbiased,1
7,0,10,10,10,unbiased,2
8,0,10,10,10,unbiased,3
9,0,10,10,10,unbiased,4
10,0,10,10,30,biased,0
11,0,10,10,30,biased,1
12,0,10,10,30,biased,2
13,0,10,10,30,biased,3
14,0,10,10,30,biased,4
15,0,10,10,30,unbiased,0
16,0,10,10,30,unbiased,1
17,0,10,10,30,unbiased,2
18,0,10,10,30,unbiased,3
19,0,10,10,30,unbiased,4
20,0,10,10,100,biased,0
21,0,10,10,100,biased,1
22,0,10,10,100,biased,2
23,0,10,10,100,biased,3
24,0,10,10,100,biased,4
25,0,10,10,100,unbiased,0
26,0,10,10,100,unbiased,1
27,0,10,10,100,unbiased,2
28,0,10,10,100,unbiased,3
29,0,10,10,100,unbiased,4
30,0,10,10,300,biased,0
31,0,10,10,300,biased,1
32,0,10,10,300,biased,2
33,0,10,10,300,biased,3
34,0,10,10,300,biased,4
35,0,10,10,300,unbiased,0
36,0,10,10,300,unbiased,1
37,0,10,10,300,unbiased,2
38,0,10,10,300,unbiased,3
39,0,10,10,300,unbiased,4
50,0,10,100,10,biased,0
51,0,10,100,10,biased,1
52,0,10,100,10,biased,2
53,0,10,100,10,biased,3
54,0,10,100,10,biased,4
55,0,10,100,10,unbiased,0
56,0,10,100,10,unbiased,1
57,0,10,100,10,unbiased,2
58,0,10,100,10,unbiased,3
59,0,10,100,10,unbiased,4
60,0,10,100,30,biased,0
61,0,10,100,30,biased,1
62,0,10,100,30,biased,2
63,0,10,100,30,biased,3
64,0,10,100,30,biased,4
65,0,10,100,30,unbiased,0
66,0,10,100,30,unbiased,1
67,0,10,100,30,unbiased,2
68,0,10,100,30,unbiased,3
69,0,10,100,30,unbiased,4
70,0,10,100,100,biased,0
71,0,10,100,100,biased,1
72,0,10,100,100,biased,2
73,0,10,100,100,biased,3
74,0,10,100,100,biased,4
75,0,10,100,100,unbiased,0
76,0,10,100,100,unbiased,1
77,0,10,100,100,unbiased,2
78,0,10,100,100,unbiased,3
79,0,10,100,100,unbiased,4
80,0,10,100,300,biased,0
81,0,10,100,300,biased,1
82,0,10,100,300,biased,2
83,0,10,100,300,biased,3
84,0,10,100,300,biased,4
85,0,10,100,300,unbiased,0
86,0,10,100,300,unbiased,1
87,0,10,100,300,unbiased,2
88,0,10,100,300,unbiased,3
89,0,10,100,300,unbiased,4
100,0,100,10,10,biased,0
101,0,100,10,10,biased,1
102,0,100,10,10,biased,2
103,0,100,10,10,biased,3
104,0,100,10,10,biased,4
105,0,100,10,10,unbiased,0
106,0,100,10,10,unbiased,1
107,0,100,10,10,unbiased,2
108,0,100,10,10,unbiased,3
109,0,100,10,10,unbiased,4
110,0,100,10,30,biased,0
111,0,100,10,30,biased,1
112,0,100,10,30,biased,2
113,0,100,10,30,biased,3
114,0,100,10,30,biased,4
115,0,100,10,30,unbiased,0
116,0,100,10,30,unbiased,1
117,0,100,10,30,unbiased,2
118,0,100,10,30,unbiased,3
119,0,100,10,30,unbiased,4
120,0,100,10,100,biased,0
121,0,100,10,100,biased,1
122,0,100,10,100,biased,2
123,0,100,10,100,biased,3
124,0,100,10,100,biased,4
125,0,100,10,100,unbiased,0
126,0,100,10,100,unbiased,1
127,0,100,10,100,unbiased,2
128,0,100,10,100,unbiased,3
129,0,100,10,100,unbiased,4
130,0,100,10,300,biased,0
131,0,100,10,300,biased,1
132,0,100,10,300,biased,2
133,0,100,10,300,biased,3
134,0,100,10,300,biased,4
135,0,100,10,300,unbiased,0
136,0,100,10,300,unbiased,1
137,0,100,10,300,unbiased,2
138,0,100,10,300,unbiased,3
139,0,100,10,300,unbiased,4
150,0,100,100,10,biased,0
151,0,100,100,10,biased,1
152,0,100,100,10,biased,2
153,0,100,100,10,biased,3
154,0,100,100,10,biased,4
155,0,100,100,10,unbiased,0
156,0,100,100,10,unbiased,1
157,0,100,100,10,unbiased,2
158,0,100,100,10,unbiased,3
159,0,100,100,10,unbiased,4
160,0,100,100,30,biased,0
161,0,100,100,30,biased,1
162,0,100,100,30,biased,2
163,0,100,100,30,biased,3
164,0,100,100,30,biased,4
165,0,100,100,30,unbiased,0
166,0,100,100,30,unbiased,1
167,0,100,100,30,unbiased,2
168,0,100,100,30,unbiased,3
169,0,100,100,30,unbiased,4
170,0,100,100,100,biased,0
171,0,100,100,100,biased,1
172,0,100,100,100,biased,2
173,0,100,100,100,biased,3
174,0,100,100,100,biased,4
175,0,100,100,100,unbiased,0
176,0,100,100,100,unbiased,1
177,0,100,100,100,unbiased,2
178,0,100,100,100,unbiased,3
179,0,100,100,100,unbiased,4
180,0,100,100,300,biased,0
181,0,100,100,300,biased,1
182,0,100,100,300,biased,2
183,0,100,100,300,biased,3
184,0,100,100,300,biased,4
185,0,100,100,300,unbiased,0
186,0,100,100,300,unbiased,1
187,0,100,100,300,unbiased,2
188,0,100,100,300,unbiased,3
189,0,100,100,300,unbiased,4
200,0,1000,10,10,biased,0
201,0,1000,10,10,biased,1
202,0,1000,10,10,biased,2
203,0,1000,10,10,biased,3
204,0,1000,10,10,biased,4
205,0,1000,10,10,unbiased,0
206,0,1000,10,10,unbiased,1
207,0,1000,10,10,unbiased,2
208,0,1000,10,10,unbiased,3
209,0,1000,10,10,unbiased,4
210,0,1000,10,30,biased,0
211,0,1000,10,30,biased,1
212,0,1000,10,30,biased,2
213,0,1000,10,30,biased,3
214,0,1000,10,30,biased,4
215,0,1000,10,30,unbiased,0
216,0,1000,10,30,unbiased,1
217,0,1000,10,30,unbiased,2
218,0,1000,10,30,unbiased,3
219,0,1000,10,30,unbiased,4
220,0,1000,10,100,biased,0
221,0,1000,10,100,biased,1
222,0,1000,10,100,biased,2
223,0,1000,10,100,biased,3
224,0,1000,10,100,biased,4
225,0,1000,10,100,unbiased,0
226,0,1000,10,100,unbiased,1
227,0,1000,10,100,unbiased,2
228,0,1000,10,100,unbiased,3
229,0,1000,10,100,unbiased,4
230,0,1000,10,300,biased,0
231,0,1000,10,300,biased,1
232,0,1000,10,300,biased,2
233,0,1000,10,300,biased,3
234,0,1000,10,300,biased,4
235,0,1000,10,300,unbiased,0
236,0,1000,10,300,unbiased,1
237,0,1000,10,300,unbiased,2
238,0,1000,10,300,unbiased,3
239,0,1000,10,300,unbiased,4
250,0,1000,100,10,biased,0
251,0,1000,100,10,biased,1
252,0,1000,100,10,biased,2
253,0,1000,100,10,biased,3
254,0,1000,100,10,biased,4
255,0,1000,100,10,unbiased,0
256,0,1000,100,10,unbiased,1
257,0,1000,100,10,unbiased,2
258,0,1000,100,10,unbiased,3
259,0,1000,100,10,unbiased,4
260,0,1000,100,30,biased,0
261,0,1000,100,30,biased,1
262,0,1000,100,30,biased,2
263,0,1000,100,30,biased,3
264,0,1000,100,30,biased,4
265,0,1000,100,30,unbiased,0
266,0,1000,100,30,unbiased,1
267,0,1000,100,30,unbiased,2
268,0,1000,100,30,unbiased,3
269,0,1000,100,30,unbiased,4
270,0,1000,100,100,biased,0
271,0,1000,100,100,biased,1
272,0,1000,100,100,biased,2
273,0,1000,100,100,biased,3
274,0,1000,100,100,biased,4
275,0,1000,100,100,unbiased,0
276,0,1000,100,100,unbiased,1
277,0,1000,100,100,unbiased,2
278,0,1000,100,100,unbiased,3
279,0,1000,100,100,unbiased,4
280,0,1000,100,300,biased,0
281,0,1000,100,300,biased,1
282,0,1000,100,300,biased,2
283,0,1000,100,300,biased,3
284,0,1000,100,300,biased,4
285,0,1000,100,300,unbiased,0
286,0,1000,100,300,unbiased,1
287,0,1000,100,300,unbiased,2
288,0,1000,100,300,unbiased,3
289,0,1000,100,300,unbiased,4
300,1,10,10,10,biased,0
301,1,10,10,10,biased,1
302,1,10,10,10,biased,2
303,1,10,10,10,biased,3
304,1,10,10,10,biased,4
305,1,10,10,10,unbiased,0
306,1,10,10,10,unbiased,1
307,1,10,10,10,unbiased,2
308,1,10,10,10,unbiased,3
309,1,10,10,10,unbiased,4
310,1,10,10,30,biased,0
311,1,10,10,30,biased,1
312,1,10,10,30,biased,2
313,1,10,10,30,biased,3
314,1,10,10,30,biased,4
315,1,10,10,30,unbiased,0
316,1,10,10,30,unbiased,1
317,1,10,10,30,unbiased,2
318,1,10,10,30,unbiased,3
319,1,10,10,30,unbiased,4
320,1,10,10,100,biased,0
321,1,10,10,100,biased,1
322,1,10,10,100,biased,2
323,1,10,10,100,biased,3
324,1,10,10,100,biased,4
325,1,10,10,100,unbiased,0
326,1,10,10,100,unbiased,1
327,1,10,10,100,unbiased,2
328,1,10,10,100,unbiased,3
329,1,10,10,100,unbiased,4
330,1,10,10,300,biased,0
331,1,10,10,300,biased,1
332,1,10,10,300,biased,2
333,1,10,10,300,biased,3
334,1,10,10,300,biased,4
335,1,10,10,300,unbiased,0
336,1,10,10,300,unbiased,1
337,1,10,10,300,unbiased,2
338,1,10,10,300,unbiased,3
339,1,10,10,300,unbiased,4
350,1,10,100,10,biased,0
351,1,10,100,10,biased,1
352,1,10,100,10,biased,2
353,1,10,100,10,biased,3
354,1,10,100,10,biased,4
355,1,10,100,10,unbiased,0
356,1,10,100,10,unbiased,1
357,1,10,100,10,unbiased,2
358,1,10,100,10,unbiased,3
359,1,10,100,10,unbiased,4
360,1,10,100,30,biased,0
361,1,10,100,30,biased,1
362,1,10,100,30,biased,2
363,1,10,100,30,biased,3
364,1,10,100,30,biased,4
365,1,10,100,30,unbiased,0
366,1,10,100,30,unbiased,1
367,1,10,100,30,unbiased,2
368,1,10,100,30,unbiased,3
369,1,10,100,30,unbiased,4
370,1,10,100,100,biased,0
371,1,10,100,100,biased,1
372,1,10,100,100,biased,2
373,1,10,100,100,biased,3
374,1,10,100,100,biased,4
375,1,10,100,100,unbiased,0
376,1,10,100,100,unbiased,1
377,1,10,100,100,unbiased,2
378,1,10,100,100,unbiased,3
379,1,10,100,100,unbiased,4
380,1,10,100,300,biased,0
381,1,10,100,300,biased,1
382,1,10,100,300,biased,2
383,1,10,100,300,biased,3
384,1,10,100,300,biased,4
385,1,10,100,300,unbiased,0
386,1,10,100,300,unbiased,1
387,1,10,100,300,unbiased,2
388,1,10,100,300,unbiased,3
389,1,10,100,300,unbiased,4
400,1,100,10,10,biased,0
401,1,100,10,10,biased,1
402,1,100,10,10,biased,2
403,1,100,10,10,biased,3
404,1,100,10,10,biased,4
405,1,100,10,10,unbiased,0
406,1,100,10,10,unbiased,1
407,1,100,10,10,unbiased,2
408,1,100,10,10,unbiased,3
409,1,100,10,10,unbiased,4
410,1,100,10,30,biased,0
411,1,100,10,30,biased,1
412,1,100,10,30,biased,2
413,1,100,10,30,biased,3
414,1,100,10,30,biased,4
415,1,100,10,30,unbiased,0
416,1,100,10,30,unbiased,1
417,1,100,10,30,unbiased,2
418,1,100,10,30,unbiased,3
419,1,100,10,30,unbiased,4
420,1,100,10,100,biased,0
421,1,100,10,100,biased,1
422,1,100,10,100,biased,2
423,1,100,10,100,biased,3
424,1,100,10,100,biased,4
425,1,100,10,100,unbiased,0
426,1,100,10,100,unbiased,1
427,1,100,10,100,unbiased,2
428,1,100,10,100,unbiased,3
429,1,100,10,100,unbiased,4
430,1,100,10,300,biased,0
431,1,100,10,300,biased,1
432,1,100,10,300,biased,2
433,1,100,10,300,biased,3
434,1,100,10,300,biased,4
435,1,100,10,300,unbiased,0
436,1,100,10,300,unbiased,1
437,1,100,10,300,unbiased,2
438,1,100,10,300,unbiased,3
439,1,100,10,300,unbiased,4
450,1,100,100,10,biased,0
451,1,100,100,10,biased,1
452,1,100,100,10,biased,2
453,1,100,100,10,biased,3
454,1,100,100,10,biased,4
455,1,100,100,10,unbiased,0
456,1,100,100,10,unbiased,1
457,1,100,100,10,unbiased,2
458,1,100,100,10,unbiased,3
459,1,100,100,10,unbiased,4
460,1,100,100,30,biased,0
461,1,100,100,30,biased,1
462,1,100,100,30,biased,2
463,1,100,100,30,biased,3
464,1,100,100,30,biased,4
465,1,100,100,30,unbiased,0
466,1,100,100,30,unbiased,1
467,1,100,100,30,unbiased,2
468,1,100,100,30,unbiased,3
469,1,100,100,30,unbiased,4
470,1,100,100,100,biased,0
471,1,100,100,100,biased,1
472,1,100,100,100,biased,2
473,1,100,100,100,biased,3
474,1,100,100,100,biased,4
475,1,100,100,100,unbiased,0
476,1,100,100,100,unbiased,1
477,1,100,100,100,unbiased,2
478,1,100,100,100,unbiased,3
479,1,100,100,100,unbiased,4
480,1,100,100,300,biased,0
481,1,100,100,300,biased,1
482,1,100,100,300,biased,2
483,1,100,100,300,biased,3
484,1,100,100,300,biased,4
485,1,100,100,300,unbiased,0
486,1,100,100,300,unbiased,1
487,1,100,100,300,unbiased,2
488,1,100,100,300,unbiased,3
489,1,100,100,300,unbiased,4
500,1,1000,10,10,biased,0
501,1,1000,10,10,biased,1
502,1,1000,10,10,biased,2
503,1,1000,10,10,biased,3
504,1,1000,10,10,biased,4
505,1,1000,10,10,unbiased,0
506,1,1000,10,10,unbiased,1
507,1,1000,10,10,unbiased,2
508,1,1000,10,10,unbiased,3
509,1,1000,10,10,unbiased,4
510,1,1000,10,30,biased,0
511,1,1000,10,30,biased,1
512,1,1000,10,30,biased,2
513,1,1000,10,30,biased,3
514,1,1000,10,30,biased,4
515,1,1000,10,30,unbiased,0
516,1,1000,10,30,unbiased,1
517,1,1000,10,30,unbiased,2
518,1,1000,10,30,unbiased,3
519,1,1000,10,30,unbiased,4
520,1,1000,10,100,biased,0
521,1,1000,10,100,biased,1
522,1,1000,10,100,biased,2
523,1,1000,10,100,biased,3
524,1,1000,10,100,biased,4
525,1,1000,10,100,unbiased,0
526,1,1000,10,100,unbiased,1
527,1,1000,10,100,unbiased,2
528,1,1000,10,100,unbiased,3
529,1,1000,10,100,unbiased,4
530,1,1000,10,300,biased,0
531,1,1000,10,300,biased,1
532,1,1000,10,300,biased,2
533,1,1000,10,300,biased,3
534,1,1000,10,300,biased,4
535,1,1000,10,300,unbiased,0
536,1,1000,10,300,unbiased,1
537,1,1000,10,300,unbiased,2
538,1,1000,10,300,unbiased,3
539,1,1000,10,300,unbiased,4
550,1,1000,100,10,biased,0
551,1,1000,100,10,biased,1
552,1,1000,100,10,biased,2
553,1,1000,100,10,biased,3
554,1,1000,100,10,biased,4
555,1,1000,100,10,unbiased,0
556,1,1000,100,10,unbiased,1
557,1,1000,100,10,unbiased,2
558,1,1000,100,10,unbiased,3
559,1,1000,100,10,unbiased,4
560,1,1000,100,30,biased,0
561,1,1000,100,30,biased,1
562,1,1000,100,30,biased,2
563,1,1000,100,30,biased,3
564,1,1000,100,30,biased,4
565,1,1000,100,30,unbiased,0
566,1,1000,100,30,unbiased,1
567,1,1000,100,30,unbiased,2
568,1,1000,100,30,unbiased,3
569,1,1000,100,30,unbiased,4
570,1,1000,100,100,biased,0
571,1,1000,100,100,biased,1
572,1,1000,100,100,biased,2
573,1,1000,100,100,biased,3
574,1,1000,100,100,biased,4
575,1,1000,100,100,unbiased,0
576,1,1000,100,100,unbiased,1
577,1,1000,100,100,unbiased,2
578,1,1000,100,100,unbiased,3
579,1,1000,100,100,unbiased,4
580,1,1000,100,300,biased,0
581,1,1000,100,300,biased,1
582,1,1000,100,300,biased,2
583,1,1000,100,300,biased,3
584,1,1000,100,300,biased,4
585,1,1000,100,300,unbiased,0
586,1,1000,100,300,unbiased,1
587,1,1000,100,300,unbiased,2
588,1,1000,100,300,unbiased,3
589,1,1000,100,300,unbiased,4
600,2,10,10,10,biased,0
601,2,10,10,10,biased,1
602,2,10,10,10,biased,2
603,2,10,10,10,biased,3
604,2,10,10,10,biased,4
605,2,10,10,10,unbiased,0
606,2,10,10,10,unbiased,1
607,2,10,10,10,unbiased,2
608,2,10,10,10,unbiased,3
609,2,10,10,10,unbiased,4
610,2,10,10,30,biased,0
611,2,10,10,30,biased,1
612,2,10,10,30,biased,2
613,2,10,10,30,biased,3
614,2,10,10,30,biased,4
615,2,10,10,30,unbiased,0
616,2,10,10,30,unbiased,1
617,2,10,10,30,unbiased,2
618,2,10,10,30,unbiased,3
619,2,10,10,30,unbiased,4
620,2,10,10,100,biased,0
621,2,10,10,100,biased,1
622,2,10,10,100,biased,2
623,2,10,10,100,biased,3
624,2,10,10,100,biased,4
625,2,10,10,100,unbiased,0
626,2,10,10,100,unbiased,1
627,2,10,10,100,unbiased,2
628,2,10,10,100,unbiased,3
629,2,10,10,100,unbiased,4
630,2,10,10,300,biased,0
631,2,10,10,300,biased,1
632,2,10,10,300,biased,2
633,2,10,10,300,biased,3
634,2,10,10,300,biased,4
635,2,10,10,300,unbiased,0
636,2,10,10,300,unbiased,1
637,2,10,10,300,unbiased,2
638,2,10,10,300,unbiased,3
639,2,10,10,300,unbiased,4
650,2,10,100,10,biased,0
651,2,10,100,10,biased,1
652,2,10,100,10,biased,2
653,2,10,100,10,biased,3
654,2,10,100,10,biased,4
655,2,10,100,10,unbiased,0
656,2,10,100,10,unbiased,1
657,2,10,100,10,unbiased,2
658,2,10,100,10,unbiased,3
659,2,10,100,10,unbiased,4
660,2,10,100,30,biased,0
661,2,10,100,30,biased,1
662,2,10,100,30,biased,2
663,2,10,100,30,biased,3
664,2,10,100,30,biased,4
665,2,10,100,30,unbiased,0
666,2,10,100,30,unbiased,1
667,2,10,100,30,unbiased,2
668,2,10,100,30,unbiased,3
669,2,10,100,30,unbiased,4
670,2,10,100,100,biased,0
671,2,10,100,100,biased,1
672,2,10,100,100,biased,2
673,2,10,100,100,biased,3
674,2,10,100,100,biased,4
675,2,10,100,100,unbiased,0
676,2,10,100,100,unbiased,1
677,2,10,100,100,unbiased,2
678,2,10,100,100,unbiased,3
679,2,10,100,100,unbiased,4
680,2,10,100,300,biased,0
681,2,10,100,300,biased,1
682,2,10,100,300,biased,2
683,2,10,100,300,biased,3
684,2,10,100,300,biased,4
685,2,10,100,300,unbiased,0
686,2,10,100,300,unbiased,1
687,2,10,100,300,unbiased,2
688,2,10,100,300,unbiased,3
689,2,10,100,300,unbiased,4
700,2,100,10,10,biased,0
701,2,100,10,10,biased,1
702,2,100,10,10,biased,2
703,2,100,10,10,biased,3
704,2,100,10,10,biased,4
705,2,100,10,10,unbiased,0
706,2,100,10,10,unbiased,1
707,2,100,10,10,unbiased,2
708,2,100,10,10,unbiased,3
709,2,100,10,10,unbiased,4
710,2,100,10,30,biased,0
711,2,100,10,30,biased,1
712,2,100,10,30,biased,2
713,2,100,10,30,biased,3
714,2,100,10,30,biased,4
715,2,100,10,30,unbiased,0
716,2,100,10,30,unbiased,1
717,2,100,10,30,unbiased,2
718,2,100,10,30,unbiased,3
719,2,100,10,30,unbiased,4
720,2,100,10,100,biased,0
721,2,100,10,100,biased,1
722,2,100,10,100,biased,2
723,2,100,10,100,biased,3
724,2,100,10,100,biased,4
725,2,100,10,100,unbiased,0
726,2,100,10,100,unbiased,1
727,2,100,10,100,unbiased,2
728,2,100,10,100,unbiased,3
729,2,100,10,100,unbiased,4
730,2,100,10,300,biased,0
731,2,100,10,300,biased,1
732,2,100,10,300,biased,2
733,2,100,10,300,biased,3
734,2,100,10,300,biased,4
735,2,100,10,300,unbiased,0
736,2,100,10,300,unbiased,1
737,2,100,10,300,unbiased,2
738,2,100,10,300,unbiased,3
739,2,100,10,300,unbiased,4
750,2,100,100,10,biased,0
751,2,100,100,10,biased,1
752,2,100,100,10,biased,2
753,2,100,100,10,biased,3
754,2,100,100,10,biased,4
755,2,100,100,10,unbiased,0
756,2,100,100,10,unbiased,1
757,2,100,100,10,unbiased,2
758,2,100,100,10,unbiased,3
759,2,100,100,10,unbiased,4
760,2,100,100,30,biased,0
761,2,100,100,30,biased,1
762,2,100,100,30,biased,2
763,2,100,100,30,biased,3
764,2,100,100,30,biased,4
765,2,100,100,30,unbiased,0
766,2,100,100,30,unbiased,1
767,2,100,100,30,unbiased,2
768,2,100,100,30,unbiased,3
769,2,100,100,30,unbiased,4
770,2,100,100,100,biased,0
771,2,100,100,100,biased,1
772,2,100,100,100,biased,2
773,2,100,100,100,biased,3
774,2,100,100,100,biased,4
775,2,100,100,100,unbiased,0
776,2,100,100,100,unbiased,1
777,2,100,100,100,unbiased,2
778,2,100,100,100,unbiased,3
779,2,100,100,100,unbiased,4
780,2,100,100,300,biased,0
781,2,100,100,300,biased,1
782,2,100,100,300,biased,2
783,2,100,100,300,biased,3
784,2,100,100,300,biased,4
785,2,100,100,300,unbiased,0
786,2,100,100,300,unbiased,1
787,2,100,100,300,unbiased,2
788,2,100,100,300,unbiased,3
789,2,100,100,300,unbiased,4
800,2,1000,10,10,biased,0
801,2,1000,10,10,biased,1
802,2,1000,10,10,biased,2
803,2,1000,10,10,biased,3
804,2,1000,10,10,biased,4
805,2,1000,10,10,unbiased,0
806,2,1000,10,10,unbiased,1
807,2,1000,10,10,unbiased,2
808,2,1000,10,10,unbiased,3
809,2,1000,10,10,unbiased,4
810,2,1000,10,30,biased,0
811,2,1000,10,30,biased,1
812,2,1000,10,30,biased,2
813,2,1000,10,30,biased,3
814,2,1000,10,30,biased,4
815,2,1000,10,30,unbiased,0
816,2,1000,10,30,unbiased,1
817,2,1000,10,30,unbiased,2
818,2,1000,10,30,unbiased,3
819,2,1000,10,30,unbiased,4
820,2,1000,10,100,biased,0
821,2,1000,10,100,biased,1
822,2,1000,10,100,biased,2
823,2,1000,10,100,biased,3
824,2,1000,10,100,biased,4
825,2,1000,10,100,unbiased,0
826,2,1000,10,100,unbiased,1
827,2,1000,10,100,unbiased,2
828,2,1000,10,100,unbiased,3
829,2,1000,10,100,unbiased,4
830,2,1000,10,300,biased,0
831,2,1000,10,300,biased,1
832,2,1000,10,300,biased,2
833,2,1000,10,300,biased,3
834,2,1000,10,300,biased,4
835,2,1000,10,300,unbiased,0
836,2,1000,10,300,unbiased,1
837,2,1000,10,300,unbiased,2
838,2,1000,10,300,unbiased,3
839,2,1000,10,300,unbiased,4
850,2,1000,100,10,biased,0
851,2,1000,100,10,biased,1
852,2,1000,100,10,biased,2
853,2,1000,100,10,biased,3
854,2,1000,100,10,biased,4
855,2,1000,100,10,unbiased,0
856,2,1000,100,10,unbiased,1
857,2,1000,100,10,unbiased,2
858,2,1000,100,10,unbiased,3
859,2,1000,100,10,unbiased,4
860,2,1000,100,30,biased,0
861,2,1000,100,30,biased,1
862,2,1000,100,30,biased,2
863,2,1000,100,30,biased,3
864,2,1000,100,30,biased,4
865,2,1000,100,30,unbiased,0
866,2,1000,100,30,unbiased,1
867,2,1000,100,30,unbiased,2
868,2,1000,100,30,unbiased,3
869,2,1000,100,30,unbiased,4
870,2,1000,100,100,biased,0
871,2,1000,100,100,biased,1
872,2,1000,100,100,biased,2
873,2,1000,100,100,biased,3
874,2,1000,100,100,biased,4
875,2,1000,100,100,unbiased,0
876,2,1000,100,100,unbiased,1
877,2,1000,100,100,unbiased,2
878,2,1000,100,100,unbiased,3
879,2,1000,100,100,unbiased,4
880,2,1000,100,300,biased,0
881,2,1000,100,300,biased,1
882,2,1000,100,300,biased,2
883,2,1000,100,300,biased,3
884,2,1000,100,300,biased,4
885,2,1000,100,300,unbiased,0
886,2,1000,100,300,unbiased,1
887,2,1000,100,300,unbiased,2
888,2,1000,100,300,unbiased,3
889,2,1000,100,300,unbiased,4
900,3,10,10,10,biased,0
901,3,10,10,10,biased,1
902,3,10,10,10,biased,2
903,3,10,10,10,biased,3
904,3,10,10,10,biased,4
905,3,10,10,10,unbiased,0
906,3,10,10,10,unbiased,1
907,3,10,10,10,unbiased,2
908,3,10,10,10,unbiased,3
909,3,10,10,10,unbiased,4
910,3,10,10,30,biased,0
911,3,10,10,30,biased,1
912,3,10,10,30,biased,2
913,3,10,10,30,biased,3
914,3,10,10,30,biased,4
915,3,10,10,30,unbiased,0
916,3,10,10,30,unbiased,1
917,3,10,10,30,unbiased,2
918,3,10,10,30,unbiased,3
919,3,10,10,30,unbiased,4
920,3,10,10,100,biased,0
921,3,10,10,100,biased,1
922,3,10,10,100,biased,2
923,3,10,10,100,biased,3
924,3,10,10,100,biased,4
925,3,10,10,100,unbiased,0
926,3,10,10,100,unbiased,1
927,3,10,10,100,unbiased,2
928,3,10,10,100,unbiased,3
929,3,10,10,100,unbiased,4
930,3,10,10,300,biased,0
931,3,10,10,300,biased,1
932,3,10,10,300,biased,2
933,3,10,10,300,biased,3
934,3,10,10,300,biased,4
935,3,10,10,300,unbiased,0
936,3,10,10,300,unbiased,1
937,3,10,10,300,unbiased,2
938,3,10,10,300,unbiased,3
939,3,10,10,300,unbiased,4
950,3,10,100,10,biased,0
951,3,10,100,10,biased,1
952,3,10,100,10,biased,2
953,3,10,100,10,biased,3
954,3,10,100,10,biased,4
955,3,10,100,10,unbiased,0
956,3,10,100,10,unbiased,1
957,3,10,100,10,unbiased,2
958,3,10,100,10,unbiased,3
959,3,10,100,10,unbiased,4
960,3,10,100,30,biased,0
961,3,10,100,30,biased,1
962,3,10,100,30,biased,2
963,3,10,100,30,biased,3
964,3,10,100,30,biased,4
965,3,10,100,30,unbiased,0
966,3,10,100,30,unbiased,1
967,3,10,100,30,unbiased,2
968,3,10,100,30,unbiased,3
969,3,10,100,30,unbiased,4
970,3,10,100,100,biased,0
971,3,10,100,100,biased,1
972,3,10,100,100,biased,2
973,3,10,100,100,biased,3
974,3,10,100,100,biased,4
975,3,10,100,100,unbiased,0
976,3,10,100,100,unbiased,1
977,3,10,100,100,unbiased,2
978,3,10,100,100,unbiased,3
979,3,10,100,100,unbiased,4
980,3,10,100,300,biased,0
981,3,10,100,300,biased,1
982,3,10,100,300,biased,2
983,3,10,100,300,biased,3
984,3,10,100,300,biased,4
985,3,10,100,300,unbiased,0
986,3,10,100,300,unbiased,1
987,3,10,100,300,unbiased,2
988,3,10,100,300,unbiased,3
989,3,10,100,300,unbiased,4
1000,3,100,10,10,biased,0
1001,3,100,10,10,biased,1
1002,3,100,10,10,biased,2
1003,3,100,10,10,biased,3
1004,3,100,10,10,biased,4
1005,3,100,10,10,unbiased,0
1006,3,100,10,10,unbiased,1
1007,3,100,10,10,unbiased,2
1008,3,100,10,10,unbiased,3
1009,3,100,10,10,unbiased,4
1010,3,100,10,30,biased,0
1011,3,100,10,30,biased,1
1012,3,100,10,30,biased,2
1013,3,100,10,30,biased,3
1014,3,100,10,30,biased,4
1015,3,100,10,30,unbiased,0
1016,3,100,10,30,unbiased,1
1017,3,100,10,30,unbiased,2
1018,3,100,10,30,unbiased,3
1019,3,100,10,30,unbiased,4
1020,3,100,10,100,biased,0
1021,3,100,10,100,biased,1
1022,3,100,10,100,biased,2
1023,3,100,10,100,biased,3
1024,3,100,10,100,biased,4
1025,3,100,10,100,unbiased,0
1026,3,100,10,100,unbiased,1
1027,3,100,10,100,unbiased,2
1028,3,100,10,100,unbiased,3
1029,3,100,10,100,unbiased,4
1030,3,100,10,300,biased,0
1031,3,100,10,300,biased,1
1032,3,100,10,300,biased,2
1033,3,100,10,300,biased,3
1034,3,100,10,300,biased,4
1035,3,100,10,300,unbiased,0
1036,3,100,10,300,unbiased,1
1037,3,100,10,300,unbiased,2
1038,3,100,10,300,unbiased,3
1039,3,100,10,300,unbiased,4
1050,3,100,100,10,biased,0
1051,3,100,100,10,biased,1
1052,3,100,100,10,biased,2
1053,3,100,100,10,biased,3
1054,3,100,100,10,biased,4
1055,3,100,100,10,unbiased,0
1056,3,100,100,10,unbiased,1
1057,3,100,100,10,unbiased,2
1058,3,100,100,10,unbiased,3
1059,3,100,100,10,unbiased,4
1060,3,100,100,30,biased,0
1061,3,100,100,30,biased,1
1062,3,100,100,30,biased,2
1063,3,100,100,30,biased,3
1064,3,100,100,30,biased,4
1065,3,100,100,30,unbiased,0
1066,3,100,100,30,unbiased,1
1067,3,100,100,30,unbiased,2
1068,3,100,100,30,unbiased,3
1069,3,100,100,30,unbiased,4
1070,3,100,100,100,biased,0
1071,3,100,100,100,biased,1
1072,3,100,100,100,biased,2
1073,3,100,100,100,biased,3
1074,3,100,100,100,biased,4
1075,3,100,100,100,unbiased,0
1076,3,100,100,100,unbiased,1
1077,3,100,100,100,unbiased,2
1078,3,100,100,100,unbiased,3
1079,3,100,100,100,unbiased,4
1080,3,100,100,300,biased,0
1081,3,100,100,300,biased,1
1082,3,100,100,300,biased,2
1083,3,100,100,300,biased,3
1084,3,100,100,300,biased,4
1085,3,100,100,300,unbiased,0
1086,3,100,100,300,unbiased,1
1087,3,100,100,300,unbiased,2
1088,3,100,100,300,unbiased,3
1089,3,100,100,300,unbiased,4
1100,3,1000,10,10,biased,0
1101,3,1000,10,10,biased,1
1102,3,1000,10,10,biased,2
1103,3,1000,10,10,biased,3
1104,3,1000,10,10,biased,4
1105,3,1000,10,10,unbiased,0
1106,3,1000,10,10,unbiased,1
1107,3,1000,10,10,unbiased,2
1108,3,1000,10,10,unbiased,3
1109,3,1000,10,10,unbiased,4
1110,3,1000,10,30,biased,0
1111,3,1000,10,30,biased,1
1112,3,1000,10,30,biased,2
1113,3,1000,10,30,biased,3
1114,3,1000,10,30,biased,4
1115,3,1000,10,30,unbiased,0
1116,3,1000,10,30,unbiased,1
1117,3,1000,10,30,unbiased,2
1118,3,1000,10,30,unbiased,3
1119,3,1000,10,30,unbiased,4
1120,3,1000,10,100,biased,0
1121,3,1000,10,100,biased,1
1122,3,1000,10,100,biased,2
1123,3,1000,10,100,biased,3
1124,3,1000,10,100,biased,4
1125,3,1000,10,100,unbiased,0
1126,3,1000,10,100,unbiased,1
1127,3,1000,10,100,unbiased,2
1128,3,1000,10,100,unbiased,3
1129,3,1000,10,100,unbiased,4
1130,3,1000,10,300,biased,0
1131,3,1000,10,300,biased,1
1132,3,1000,10,300,biased,2
1133,3,1000,10,300,biased,3
1134,3,1000,10,300,biased,4
1135,3,1000,10,300,unbiased,0
1136,3,1000,10,300,unbiased,1
1137,3,1000,10,300,unbiased,2
1138,3,1000,10,300,unbiased,3
1139,3,1000,10,300,unbiased,4
1150,3,1000,100,10,biased,0
1151,3,1000,100,10,biased,1
1152,3,1000,100,10,biased,2
1153,3,1000,100,10,biased,3
1154,3,1000,100,10,biased,4
1155,3,1000,100,10,unbiased,0
1156,3,1000,100,10,unbiased,1
1157,3,1000,100,10,unbiased,2
1158,3,1000,100,10,unbiased,3
1159,3,1000,100,10,unbiased,4
1160,3,1000,100,30,biased,0
1161,3,1000,100,30,biased,1
1162,3,1000,100,30,biased,2
1163,3,1000,100,30,biased,3
1164,3,1000,100,30,biased,4
1165,3,1000,100,30,unbiased,0
1166,3,1000,100,30,unbiased,1
1167,3,1000,100,30,unbiased,2
1168,3,1000,100,30,unbiased,3
1169,3,1000,100,30,unbiased,4
1170,3,1000,100,100,biased,0
1171,3,1000,100,100,biased,1
1172,3,1000,100,100,biased,2
1173,3,1000,100,100,biased,3
1174,3,1000,100,100,biased,4
1175,3,1000,100,100,unbiased,0
1176,3,1000,100,100,unbiased,1
1177,3,1000,100,100,unbiased,2
1178,3,1000,100,100,unbiased,3
1179,3,1000,100,100,unbiased,4
1180,3,1000,100,300,biased,0
1181,3,1000,100,300,biased,1
1182,3,1000,100,300,biased,2
1183,3,1000,100,300,biased,3
1184,3,1000,100,300,biased,4
1185,3,1000,100,300,unbiased,0
1186,3,1000,100,300,unbiased,1
1187,3,1000,100,300,unbiased,2
1188,3,1000,100,300,unbiased,3
1189,3,1000,100,300,unbiased,4
