,smoothness_flatfield,smoothness_darkfield,sparse_cost_darkfield,fitting_mode,sort_intensity,channel_index,use_weight,rep,entropy,fourier_L0_norm,autotune_cost
0,0.001,0.001,0.001,approximate,False,2,False,0,3.756369359882241,0.36865507441249273,3679.9128075646527
1,0.001,0.001,0.001,approximate,False,2,False,1,4.130967087948847,0.3662255905632124,3655.6344851671047
2,0.001,0.001,0.001,approximate,False,2,False,2,3.9832306521871685,0.3670506982856095,3663.8993511202916
3,0.001,0.001,0.001,approximate,False,2,False,3,3.920854106760341,0.3666992635149589,3660.3630888928406
4,0.001,0.001,0.001,approximate,False,2,False,4,3.681404050309036,0.367524371237356,3668.6045997115903
5,0.001,0.001,0.046415888336127795,approximate,False,2,False,0,4.036266412795297,0.36660758487913697,3659.468652840328
6,0.001,0.001,0.046415888336127795,approximate,False,2,False,1,4.049310291160506,0.36763132964581485,3669.687765079603
7,0.001,0.001,0.046415888336127795,approximate,False,2,False,2,3.872228847122006,0.3665311860159521,3658.680530626179
8,0.001,0.001,0.046415888336127795,approximate,False,2,False,3,3.837708119257445,0.3664242276074932,3657.608496119249
9,0.001,0.001,0.046415888336127795,approximate,False,2,False,4,4.1531230111022674,0.367539651009993,3668.778151073781
10,0.001,0.001,2.1544346900318843,approximate,False,2,False,0,3.5580483972682333,0.36757021055526695,3669.084787394725
11,0.001,0.001,2.1544346900318843,approximate,False,2,False,1,3.551358219419607,0.3678758060080066,3672.107350518641
12,0.001,0.001,2.1544346900318843,approximate,False,2,False,2,4.025226869504059,0.36636310851694526,3657.00189783486
13,0.001,0.001,2.1544346900318843,approximate,False,2,False,3,3.8467127045483607,0.3670659780582465,3664.006515279367
14,0.001,0.001,2.1544346900318843,approximate,False,2,False,4,3.709473827341887,0.365690798520918,3650.25415148437
15,0.001,0.001,100.0,approximate,False,2,False,0,3.0425733548323617,0.36758549032790394,3669.3296429367865
16,0.001,0.001,100.0,approximate,False,2,False,1,2.9466880713962675,0.36456009534578127,3639.119770774543
17,0.001,0.001,100.0,approximate,False,2,False,2,3.143684325638921,0.3683341991871161,3676.8522520753536
18,0.001,0.001,100.0,approximate,False,2,False,3,3.005510986288096,0.3669590196497876,3662.989753080969
19,0.001,0.001,100.0,approximate,False,2,False,4,2.864605337610105,0.36654646578858907,3658.904328461973
20,0.001,0.046415888336127795,0.001,approximate,False,2,False,0,3.705339445573556,0.36530880420499345,3646.4598255792466
21,0.001,0.046415888336127795,0.001,approximate,False,2,False,1,3.9725879857473987,0.3654768817040002,3648.1146236505965
22,0.001,0.046415888336127795,0.001,approximate,False,2,False,2,4.082648387321049,0.3669437398771506,3662.801459785048
23,0.001,0.046415888336127795,0.001,approximate,False,2,False,3,3.9730843799639284,0.36611863215475354,3654.5407402636333
24,0.001,0.046415888336127795,0.001,approximate,False,2,False,4,3.7356048182106028,0.36784524646273264,3671.8212617461063
25,0.001,0.046415888336127795,0.046415888336127795,approximate,False,2,False,0,3.819942407505022,0.3677688475995477,3671.07053325276
26,0.001,0.046415888336127795,0.046415888336127795,approximate,False,2,False,1,3.46604882114697,0.36556856033982216,3649.0520984021177
27,0.001,0.046415888336127795,0.046415888336127795,approximate,False,2,False,2,3.5555904393337547,0.36608807260947956,3654.212365777531
28,0.001,0.046415888336127795,0.046415888336127795,approximate,False,2,False,3,4.2091138427448485,0.36735629373834916,3666.951641125956
29,0.001,0.046415888336127795,0.046415888336127795,approximate,False,2,False,4,3.30039941316417,0.364774012162699,3641.0743663523963
30,0.001,0.046415888336127795,2.1544346900318843,approximate,False,2,False,0,2.80151098405852,0.3679522048711915,3672.9821798260955
31,0.001,0.046415888336127795,2.1544346900318843,approximate,False,2,False,1,2.898493364141596,0.3667756623781438,3661.1639993317385
32,0.001,0.046415888336127795,2.1544346900318843,approximate,False,2,False,2,2.877697723945442,0.36628670965376037,3656.2720236959904
33,0.001,0.046415888336127795,2.1544346900318843,approximate,False,2,False,3,2.9244320749559582,0.36689790055923965,3662.42050070544
34,0.001,0.046415888336127795,2.1544346900318843,approximate,False,2,False,4,2.6707095889775387,0.36631726919903435,3656.64884487038
35,0.001,0.046415888336127795,100.0,approximate,False,2,False,0,2.3209933069758257,0.3828652629648871,3821.88539338603
36,0.001,0.046415888336127795,100.0,approximate,False,2,False,1,2.570227296299751,0.3818567979708462,3811.800163234988
37,0.001,0.046415888336127795,100.0,approximate,False,2,False,2,2.7115466248336353,0.3816887204718394,3810.119484557976
38,0.001,0.046415888336127795,100.0,approximate,False,2,False,3,2.5293105927966364,0.38306390000916785,3823.871136119819
39,0.001,0.046415888336127795,100.0,approximate,False,2,False,4,2.691122716230731,0.3833694954619075,3826.9274761274796
40,0.001,2.1544346900318843,0.001,approximate,False,2,False,0,3.4384881602813517,0.3705956055373896,3699.3393563950735
41,0.001,2.1544346900318843,0.001,approximate,False,2,False,1,3.260377352149044,0.368410598050301,3677.4509463806635
42,0.001,2.1544346900318843,0.001,approximate,False,2,False,2,3.3112169380509404,0.3685175564587599,3678.5330919788585
43,0.001,2.1544346900318843,0.001,approximate,False,2,False,3,3.436721352906523,0.3689912294105064,3683.286700916373
44,0.001,2.1544346900318843,0.001,approximate,False,2,False,4,3.374897883497012,0.368441157595575,3677.776690581203
45,0.001,2.1544346900318843,0.046415888336127795,approximate,False,2,False,0,2.9552189842503043,0.37084008189958134,3701.873725079616
46,0.001,2.1544346900318843,0.046415888336127795,approximate,False,2,False,1,2.9325746559624495,0.3697704978149925,3691.1678368258204
47,0.001,2.1544346900318843,0.046415888336127795,approximate,False,2,False,2,2.9295321221571466,0.3699385753139993,3692.8966613287485
48,0.001,2.1544346900318843,0.046415888336127795,approximate,False,2,False,3,2.9827506224511207,0.368425877822938,3677.714030200486
49,0.001,2.1544346900318843,0.046415888336127795,approximate,False,2,False,4,2.9655225564625454,0.3712373559881429,3705.8972375195935
50,0.001,2.1544346900318843,2.1544346900318843,approximate,False,2,False,0,2.540268045856361,0.38301806069125693,3823.4131707946776
51,0.001,2.1544346900318843,2.1544346900318843,approximate,False,2,False,1,2.7102007218289508,0.3843015615927635,3836.248030575729
52,0.001,2.1544346900318843,2.1544346900318843,approximate,False,2,False,2,2.553026235085917,0.38451547840968126,3838.3897686769205
53,0.001,2.1544346900318843,2.1544346900318843,approximate,False,2,False,3,2.655418300086328,0.382941661828072,3822.651164316797
54,0.001,2.1544346900318843,2.1544346900318843,approximate,False,2,False,4,2.60812994361213,0.3825749472847844,3818.981520344088
55,0.001,2.1544346900318843,100.0,approximate,False,2,False,0,2.6811497479040867,0.37601992482351865,3753.452511792608
56,0.001,2.1544346900318843,100.0,approximate,False,2,False,1,2.54606872243945,0.3753781743727653,3747.033791470833
57,0.001,2.1544346900318843,100.0,approximate,False,2,False,2,2.365988631127333,0.377471503224032,3767.9637797902255
58,0.001,2.1544346900318843,100.0,approximate,False,2,False,3,2.615844964266733,0.3776395807230388,3769.648428477378
59,0.001,2.1544346900318843,100.0,approximate,False,2,False,4,2.5432113982353926,0.37579072823396387,3751.156850041976
60,0.001,100.0,0.001,approximate,False,2,False,0,2.796986059170198,0.3899092381505363,3892.6969549634873
61,0.001,100.0,0.001,approximate,False,2,False,1,2.940622391601796,0.39125385814259084,3906.1276920212217
62,0.001,100.0,0.001,approximate,False,2,False,2,3.015547705472,0.38922164838187207,3885.7383194945237
63,0.001,100.0,0.001,approximate,False,2,False,3,3.018459415284355,0.38951196406197475,3888.625936953514
64,0.001,100.0,0.001,approximate,False,2,False,4,2.9004513930116294,0.38974116065152953,3890.942602220598
65,0.001,100.0,0.046415888336127795,approximate,False,2,False,0,2.7519134892938464,0.37933563548574395,3786.5884360156824
66,0.001,100.0,0.046415888336127795,approximate,False,2,False,1,2.8427850721564707,0.38052745775142865,3798.5069622389065
67,0.001,100.0,0.046415888336127795,approximate,False,2,False,2,2.6673880490324167,0.3781438132200593,3774.6744386830032
68,0.001,100.0,0.046415888336127795,approximate,False,2,False,3,2.641305335697844,0.3769672707270116,3762.9075373863448
69,0.001,100.0,0.046415888336127795,approximate,False,2,False,4,2.657495857557404,0.3774256639061211,3767.4881759793216
70,0.001,100.0,2.1544346900318843,approximate,False,2,False,0,2.700454688326968,0.3769519909543746,3762.766586492249
71,0.001,100.0,2.1544346900318843,approximate,False,2,False,1,2.684416447906379,0.3761421630046145,3754.6741152922814
72,0.001,100.0,2.1544346900318843,approximate,False,2,False,2,2.5311832467623367,0.37783821776731963,3771.633739980642
73,0.001,100.0,2.1544346900318843,approximate,False,2,False,3,2.7063796191419027,0.3771200684533814,3764.4513598562144
74,0.001,100.0,2.1544346900318843,approximate,False,2,False,4,2.5981890900615716,0.37554625187177215,3748.7142206509297
75,0.001,100.0,100.0,approximate,False,2,False,0,2.676981000179715,0.37705894936283346,3763.8388033044916
76,0.001,100.0,100.0,approximate,False,2,False,1,2.597702260519216,0.3762032820951624,3755.303844243774
77,0.001,100.0,100.0,approximate,False,2,False,2,2.6260036524801693,0.3749197811936558,3742.449644272185
78,0.001,100.0,100.0,approximate,False,2,False,3,2.5769438569622616,0.37436970937872444,3736.949460354353
79,0.001,100.0,100.0,approximate,False,2,False,4,2.5791822907126423,0.37708950890810744,3764.1458271333768
80,0.046415888336127795,0.001,0.001,approximate,False,2,False,0,2.7799496596099726,0.19313632613146717,1924.9879109886672
81,0.046415888336127795,0.001,0.001,approximate,False,2,False,1,3.0443355920385278,0.19596308406930904,1953.320003044158
82,0.046415888336127795,0.001,0.001,approximate,False,2,False,2,2.9743650325698714,0.19544357179965163,1948.1482860931776
83,0.046415888336127795,0.001,0.001,approximate,False,2,False,3,2.8070829570487126,0.19686459065489106,1962.279283458472
84,0.046415888336127795,0.001,0.001,approximate,False,2,False,4,2.890919807241368,0.1927390520429056,1921.0348137342824
85,0.046415888336127795,0.001,0.046415888336127795,approximate,False,2,False,0,2.843357930794517,0.19458790453198058,1939.4755040129044
86,0.046415888336127795,0.001,0.046415888336127795,approximate,False,2,False,1,2.8173600192168435,0.19672707270115822,1960.9105596226605
87,0.046415888336127795,0.001,0.046415888336127795,approximate,False,2,False,2,2.635202262675394,0.19532133361855575,1946.8545644163648
88,0.046415888336127795,0.001,0.046415888336127795,approximate,False,2,False,3,2.916326832697829,0.19568804816184335,1950.487465130801
89,0.046415888336127795,0.001,0.046415888336127795,approximate,False,2,False,4,3.056340128450013,0.19331968340311095,1926.8444776310844
90,0.046415888336127795,0.001,2.1544346900318843,approximate,False,2,False,0,2.623906986661165,0.19460318430461754,1939.5106947630738
91,0.046415888336127795,0.001,2.1544346900318843,approximate,False,2,False,1,2.550328844896966,0.19015677046725546,1895.0469900671308
92,0.046415888336127795,0.001,2.1544346900318843,approximate,False,2,False,2,2.5217392725914203,0.19101243773492652,1903.6035376168854
93,0.046415888336127795,0.001,2.1544346900318843,approximate,False,2,False,3,2.6603813526585616,0.1864590654891055,1858.063774380962
94,0.046415888336127795,0.001,2.1544346900318843,approximate,False,2,False,4,2.6609791827000797,0.1938391956727684,1931.8796729167686
95,0.046415888336127795,0.001,100.0,approximate,False,2,False,0,2.370632885896568,0.1776579164502032,1769.811572457083
96,0.046415888336127795,0.001,100.0,approximate,False,2,False,1,2.537496315057484,0.17212663875561532,1714.5067438860858
97,0.046415888336127795,0.001,100.0,approximate,False,2,False,2,2.5705812459747306,0.17217247807352626,1714.9529468349592
98,0.046415888336127795,0.001,100.0,approximate,False,2,False,3,2.618371094595941,0.17947620939400422,1787.9919893546353
99,0.046415888336127795,0.001,100.0,approximate,False,2,False,4,2.374906520128224,0.17619105827705284,1755.145009284085
100,0.046415888336127795,0.046415888336127795,0.001,approximate,False,2,False,0,2.752193076210113,0.1894844604712282,1888.527589333761
101,0.046415888336127795,0.046415888336127795,0.001,approximate,False,2,False,1,2.8461711436450887,0.19607004247776794,1954.3634586959813
102,0.046415888336127795,0.046415888336127795,0.001,approximate,False,2,False,2,2.8338218398211774,0.19269321272499465,1920.579342974376
103,0.046415888336127795,0.046415888336127795,0.001,approximate,False,2,False,3,2.8313078522339006,0.19558108975338448,1949.4658186103345
104,0.046415888336127795,0.046415888336127795,0.001,approximate,False,2,False,4,2.8656625806096363,0.18745225071050942,1868.1367464354907
105,0.046415888336127795,0.046415888336127795,0.046415888336127795,approximate,False,2,False,0,2.8697819512282745,0.18636738685328363,1857.1522407732193
106,0.046415888336127795,0.046415888336127795,0.046415888336127795,approximate,False,2,False,1,2.503084919378161,0.19448094612352168,1938.295180810509
107,0.046415888336127795,0.046415888336127795,0.046415888336127795,approximate,False,2,False,2,2.5104117724483097,0.19203618250160437,1913.8501057371802
108,0.046415888336127795,0.046415888336127795,0.046415888336127795,approximate,False,2,False,3,2.4098324574659906,0.18497692754331815,1843.2706182347906
109,0.046415888336127795,0.046415888336127795,0.046415888336127795,approximate,False,2,False,4,2.572630636002991,0.19550469089019956,1948.5344896473612
110,0.046415888336127795,0.046415888336127795,2.1544346900318843,approximate,False,2,False,0,2.642506124433504,0.17681752895516914,1761.4082188312543
111,0.046415888336127795,0.046415888336127795,2.1544346900318843,approximate,False,2,False,1,2.632601390676472,0.1794914891666412,1788.144406133966
112,0.046415888336127795,0.046415888336127795,2.1544346900318843,approximate,False,2,False,2,2.6463144243651007,0.17444916419643675,1737.7310373593298
113,0.046415888336127795,0.046415888336127795,2.1544346900318843,approximate,False,2,False,3,2.608473785305738,0.17721480304373072,1765.3785930769263
114,0.046415888336127795,0.046415888336127795,2.1544346900318843,approximate,False,2,False,4,2.6337549977174817,0.17588546282431317,1752.0876445531387
115,0.046415888336127795,0.046415888336127795,100.0,approximate,False,2,False,0,2.7107563434157202,0.18849127524982429,1878.1387766421099
116,0.046415888336127795,0.046415888336127795,100.0,approximate,False,2,False,1,2.772063287951878,0.18639794639855758,1857.2041668718757
117,0.046415888336127795,0.046415888336127795,100.0,approximate,False,2,False,2,2.642038655825298,0.18462549277266754,1839.480032093718
118,0.046415888336127795,0.046415888336127795,100.0,approximate,False,2,False,3,2.647741654004425,0.1907374018274608,1900.5956320192183
119,0.046415888336127795,0.046415888336127795,100.0,approximate,False,2,False,4,2.5119666668828176,0.19784249610365798,1971.6471718438033
120,0.046415888336127795,2.1544346900318843,0.001,approximate,False,2,False,0,2.6208469941403205,0.16609112856400696,1654.5256912263867
121,0.046415888336127795,2.1544346900318843,0.001,approximate,False,2,False,1,2.4227506880640703,0.15965834428383704,1590.1882559637547
122,0.046415888336127795,2.1544346900318843,0.001,approximate,False,2,False,2,2.6332037000142923,0.16450203220976073,1638.649782618317
123,0.046415888336127795,2.1544346900318843,0.001,approximate,False,2,False,3,2.741422273202584,0.1658772117470892,1652.3859858277947
124,0.046415888336127795,2.1544346900318843,0.001,approximate,False,2,False,4,2.5885019004156025,0.16650368242520552,1658.6605173211026
125,0.046415888336127795,2.1544346900318843,0.046415888336127795,approximate,False,2,False,0,2.354057310620046,0.18193625278855852,1812.5973438870728
126,0.046415888336127795,2.1544346900318843,0.046415888336127795,approximate,False,2,False,1,2.587847430412746,0.1746936405586285,1740.1687907684538
127,0.046415888336127795,2.1544346900318843,0.046415888336127795,approximate,False,2,False,2,2.689518053754132,0.1797512453014699,1790.7467664592432
128,0.046415888336127795,2.1544346900318843,0.046415888336127795,approximate,False,2,False,3,2.6740253433361825,0.1847477309537634,1840.7041328161074
129,0.046415888336127795,2.1544346900318843,0.046415888336127795,approximate,False,2,False,4,2.5763374376990247,0.17946092962136723,1787.8356624379069
130,0.046415888336127795,2.1544346900318843,2.1544346900318843,approximate,False,2,False,0,2.6152971777850187,0.18427405800201693,1835.9652851636413
131,0.046415888336127795,2.1544346900318843,2.1544346900318843,approximate,False,2,False,1,2.4874623261520594,0.19131803318766616,1906.4053388046368
132,0.046415888336127795,2.1544346900318843,2.1544346900318843,approximate,False,2,False,2,2.7164372219734725,0.1784830241726003,1778.05470251791
133,0.046415888336127795,2.1544346900318843,2.1544346900318843,approximate,False,2,False,3,2.5702067889317926,0.18833847752345445,1876.608467211474
134,0.046415888336127795,2.1544346900318843,2.1544346900318843,approximate,False,2,False,4,2.7813557922288847,0.1922042600006112,1915.2676017817623
135,0.046415888336127795,2.1544346900318843,100.0,approximate,False,2,False,0,2.397259708132353,0.18855239434037221,1878.751584226552
136,0.046415888336127795,2.1544346900318843,100.0,approximate,False,2,False,1,2.606309089953186,0.18833847752345445,1876.6081779414817
137,0.046415888336127795,2.1544346900318843,100.0,approximate,False,2,False,2,2.691882765039103,0.18797176298016685,1872.9448055829237
138,0.046415888336127795,2.1544346900318843,100.0,approximate,False,2,False,3,2.572493847183697,0.18962197842496104,1889.4424129347126
139,0.046415888336127795,2.1544346900318843,100.0,approximate,False,2,False,4,2.4538158998489012,0.18904134706475567,1883.6353954408994
140,0.046415888336127795,100.0,0.001,approximate,False,2,False,0,2.727492669807318,0.1956574886165694,1949.7974695510547
141,0.046415888336127795,100.0,0.001,approximate,False,2,False,1,2.4632606133668618,0.18997341319561165,1892.9559672970383
142,0.046415888336127795,100.0,0.001,approximate,False,2,False,2,2.565443526991456,0.19412951135287107,1934.518190358256
143,0.046415888336127795,100.0,0.001,approximate,False,2,False,3,2.682714872976636,0.19150139045930997,1908.2390313006113
144,0.046415888336127795,100.0,0.001,approximate,False,2,False,4,2.5659089487964386,0.19390031476331632,1932.2259163702875
145,0.046415888336127795,100.0,0.046415888336127795,approximate,False,2,False,0,2.574903467903941,0.19144027136876204,1907.6246689024797
146,0.046415888336127795,100.0,0.046415888336127795,approximate,False,2,False,1,2.4635907692981838,0.18193625278855852,1812.5883506747293
147,0.046415888336127795,100.0,0.046415888336127795,approximate,False,2,False,2,2.3474438317023,0.1906610029642759,1899.8335785045597
148,0.046415888336127795,100.0,0.046415888336127795,approximate,False,2,False,3,2.6721901278064584,0.19232649818170705,1916.4890855051997
149,0.046415888336127795,100.0,0.046415888336127795,approximate,False,2,False,4,2.62260399922405,0.187834245026434,1871.5658487304236
150,0.046415888336127795,100.0,2.1544346900318843,approximate,False,2,False,0,2.42186795628212,0.19451150566879566,1938.3370255736218
151,0.046415888336127795,100.0,2.1544346900318843,approximate,False,2,False,1,2.5009871376197235,0.19079852091800875,1901.2097334249027
152,0.046415888336127795,100.0,2.1544346900318843,approximate,False,2,False,2,2.555097709867863,0.1884607157045503,1877.8313538541545
153,0.046415888336127795,100.0,2.1544346900318843,approximate,False,2,False,3,2.4082979686213424,0.1893011031995844,1886.23629765728
154,0.046415888336127795,100.0,2.1544346900318843,approximate,False,2,False,4,2.4843189015451466,0.19168474773095376,1910.0694089359783
155,0.046415888336127795,100.0,100.0,approximate,False,2,False,0,2.478899426300801,0.1938391956727684,1931.6161363461233
156,0.046415888336127795,100.0,100.0,approximate,False,2,False,1,2.5496740176868027,0.19422118998869298,1935.434491752721
157,0.046415888336127795,100.0,100.0,approximate,False,2,False,2,2.5667204133860757,0.1912110747792073,1905.3346862255355
158,0.046415888336127795,100.0,100.0,approximate,False,2,False,3,2.601463485437549,0.18951502001650217,1888.3726556984843
159,0.046415888336127795,100.0,100.0,approximate,False,2,False,4,2.544179344474498,0.18788008434434494,1872.0235409234226
160,2.1544346900318843,0.001,0.001,approximate,False,2,False,0,2.4764529015674475,0.0,3.595949443731705
161,2.1544346900318843,0.001,0.001,approximate,False,2,False,1,2.373116608094683,0.0,3.6112548027492473
162,2.1544346900318843,0.001,0.001,approximate,False,2,False,2,2.541697371527686,0.0,3.602357835391905
163,2.1544346900318843,0.001,0.001,approximate,False,2,False,3,2.5308210915079767,0.0,3.6120211627769914
164,2.1544346900318843,0.001,0.001,approximate,False,2,False,4,2.316307721136702,0.0,3.578577751331519
165,2.1544346900318843,0.001,0.046415888336127795,approximate,False,2,False,0,2.4632627470387067,0.0,3.5279348873449115
166,2.1544346900318843,0.001,0.046415888336127795,approximate,False,2,False,1,2.449923902110113,0.0,3.587599731785628
167,2.1544346900318843,0.001,0.046415888336127795,approximate,False,2,False,2,2.4628008641704677,0.0,3.720990832150918
168,2.1544346900318843,0.001,0.046415888336127795,approximate,False,2,False,3,2.363928221920174,0.0,3.6909330789858275
169,2.1544346900318843,0.001,0.046415888336127795,approximate,False,2,False,4,2.4882154915940102,0.0,3.6237782122970774
170,2.1544346900318843,0.001,2.1544346900318843,approximate,False,2,False,0,2.333115824862468,0.0032545915716774136,25.959459747131472
171,2.1544346900318843,0.001,2.1544346900318843,approximate,False,2,False,1,2.3349801369946928,0.0032698713443143966,26.150884738985663
172,2.1544346900318843,0.001,2.1544346900318843,approximate,False,2,False,2,2.4328926924092644,0.0032851511169513796,26.31088855543199
173,2.1544346900318843,0.001,2.1544346900318843,approximate,False,2,False,3,2.5382504469075737,0.0032698713443143966,26.128715701232338
174,2.1544346900318843,0.001,2.1544346900318843,approximate,False,2,False,4,2.3841641129647564,0.0032851511169513796,26.307203514647757
175,2.1544346900318843,0.001,100.0,approximate,False,2,False,0,2.490441524243909,0.003300430889588363,26.34517329395667
176,2.1544346900318843,0.001,100.0,approximate,False,2,False,1,2.5237202473118825,0.003315710662225346,26.553593478052207
177,2.1544346900318843,0.001,100.0,approximate,False,2,False,2,2.5397988945250485,0.003300430889588363,26.386641570054014
178,2.1544346900318843,0.001,100.0,approximate,False,2,False,3,2.206657686844737,0.0033462702074993126,26.93193128374581
179,2.1544346900318843,0.001,100.0,approximate,False,2,False,4,2.4936226900344614,0.0032698713443143966,26.113413404293325
180,2.1544346900318843,0.046415888336127795,0.001,approximate,False,2,False,0,2.357160154220076,0.0,3.8183268816347558
181,2.1544346900318843,0.046415888336127795,0.001,approximate,False,2,False,1,2.4530409363746024,0.0,3.665405209920359
182,2.1544346900318843,0.046415888336127795,0.001,approximate,False,2,False,2,2.3215117423128895,0.0,3.8030156421459838
183,2.1544346900318843,0.046415888336127795,0.001,approximate,False,2,False,3,2.40299391644545,0.0,3.764177823144089
184,2.1544346900318843,0.046415888336127795,0.001,approximate,False,2,False,4,2.1539037390600253,0.0,3.7579135519164852
185,2.1544346900318843,0.046415888336127795,0.046415888336127795,approximate,False,2,False,0,2.4460751527258306,0.0032698713443143966,26.130280497048844
186,2.1544346900318843,0.046415888336127795,0.046415888336127795,approximate,False,2,False,1,2.1819625251198547,0.0032851511169513796,26.265976416613043
187,2.1544346900318843,0.046415888336127795,0.046415888336127795,approximate,False,2,False,2,2.364904977536907,0.0032851511169513796,26.299835485077725
188,2.1544346900318843,0.046415888336127795,0.046415888336127795,approximate,False,2,False,3,2.5092305769164747,0.003300430889588363,26.47015314596988
189,2.1544346900318843,0.046415888336127795,0.046415888336127795,approximate,False,2,False,4,2.1634511984628793,0.003315710662225346,26.629236987045726
190,2.1544346900318843,0.046415888336127795,2.1544346900318843,approximate,False,2,False,0,2.3656696064259157,0.0032698713443143966,26.049044551338383
191,2.1544346900318843,0.046415888336127795,2.1544346900318843,approximate,False,2,False,1,2.278143715704515,0.003315710662225346,26.592464184255274
192,2.1544346900318843,0.046415888336127795,2.1544346900318843,approximate,False,2,False,2,2.5625373399071067,0.003300430889588363,26.388139093657742
193,2.1544346900318843,0.046415888336127795,2.1544346900318843,approximate,False,2,False,3,2.320370223188159,0.0032851511169513796,26.232257599867232
194,2.1544346900318843,0.046415888336127795,2.1544346900318843,approximate,False,2,False,4,2.597286694217236,0.0032698713443143966,26.06090022108868
195,2.1544346900318843,0.046415888336127795,100.0,approximate,False,2,False,0,2.596195199975323,0.00323931179904043,25.722982597171168
196,2.1544346900318843,0.046415888336127795,100.0,approximate,False,2,False,1,2.445960796997427,0.0032851511169513796,26.25979435553486
197,2.1544346900318843,0.046415888336127795,100.0,approximate,False,2,False,2,2.409308358881775,0.0032545915716774136,25.86070469031276
198,2.1544346900318843,0.046415888336127795,100.0,approximate,False,2,False,3,2.5878221281244524,0.0032545915716774136,25.862834163934863
199,2.1544346900318843,0.046415888336127795,100.0,approximate,False,2,False,4,2.344687825313261,0.003330990434862329,26.707489210957192
200,2.1544346900318843,2.1544346900318843,0.001,approximate,False,2,False,0,2.4716157808957124,0.003300430889588363,26.381352327747745
201,2.1544346900318843,2.1544346900318843,0.001,approximate,False,2,False,1,2.6411735091438486,0.0032698713443143966,26.045053195651185
202,2.1544346900318843,2.1544346900318843,0.001,approximate,False,2,False,2,2.343026145371134,0.003300430889588363,26.37427013575323
203,2.1544346900318843,2.1544346900318843,0.001,approximate,False,2,False,3,2.462838095152134,0.0032698713443143966,26.036124769542035
204,2.1544346900318843,2.1544346900318843,0.001,approximate,False,2,False,4,2.3524264849781606,0.0033462702074993126,26.866007345156227
205,2.1544346900318843,2.1544346900318843,0.046415888336127795,approximate,False,2,False,0,2.571233821281674,0.003315710662225346,26.555682726148024
206,2.1544346900318843,2.1544346900318843,0.046415888336127795,approximate,False,2,False,1,2.462007341105348,0.0032545915716774136,25.876652215720743
207,2.1544346900318843,2.1544346900318843,0.046415888336127795,approximate,False,2,False,2,2.3948856185443805,0.0032851511169513796,26.2027814010909
208,2.1544346900318843,2.1544346900318843,0.046415888336127795,approximate,False,2,False,3,2.3186195321256626,0.003330990434862329,26.696906919722863
209,2.1544346900318843,2.1544346900318843,0.046415888336127795,approximate,False,2,False,4,2.5979127057201032,0.003300430889588363,26.38700952718532
210,2.1544346900318843,2.1544346900318843,2.1544346900318843,approximate,False,2,False,0,2.3900612862485495,0.0032851511169513796,26.1755080419654
211,2.1544346900318843,2.1544346900318843,2.1544346900318843,approximate,False,2,False,1,2.8279523501978376,0.003300430889588363,26.41677580272036
212,2.1544346900318843,2.1544346900318843,2.1544346900318843,approximate,False,2,False,2,2.631152724022571,0.0032851511169513796,26.20585444836405
213,2.1544346900318843,2.1544346900318843,2.1544346900318843,approximate,False,2,False,3,2.209824866819571,0.003330990434862329,26.75254084673353
214,2.1544346900318843,2.1544346900318843,2.1544346900318843,approximate,False,2,False,4,2.3824563498405746,0.0032851511169513796,26.22668225083755
215,2.1544346900318843,2.1544346900318843,100.0,approximate,False,2,False,0,2.3013841223597815,0.003330990434862329,26.704573329943923
216,2.1544346900318843,2.1544346900318843,100.0,approximate,False,2,False,1,2.390939012691715,0.0032851511169513796,26.226276985882134
217,2.1544346900318843,2.1544346900318843,100.0,approximate,False,2,False,2,2.4089964230249885,0.0032851511169513796,26.22183686867774
218,2.1544346900318843,2.1544346900318843,100.0,approximate,False,2,False,3,2.3178371695960633,0.0032851511169513796,26.176908007214685
219,2.1544346900318843,2.1544346900318843,100.0,approximate,False,2,False,4,2.4408227847993844,0.003330990434862329,26.736968616134405
220,2.1544346900318843,100.0,0.001,approximate,False,2,False,0,2.435865159084181,0.0032698713443143966,26.043061395443097
221,2.1544346900318843,100.0,0.001,approximate,False,2,False,1,2.14860787259306,0.0032698713443143966,26.027345706420864
222,2.1544346900318843,100.0,0.001,approximate,False,2,False,2,2.583600912486633,0.003300430889588363,26.353882059219686
223,2.1544346900318843,100.0,0.001,approximate,False,2,False,3,2.382669583633135,0.0032545915716774136,25.8889528202285
224,2.1544346900318843,100.0,0.001,approximate,False,2,False,4,2.5269212140526833,0.0032698713443143966,26.066602142634043
225,2.1544346900318843,100.0,0.046415888336127795,approximate,False,2,False,0,2.495675496513975,0.0032851511169513796,26.24609454817311
226,2.1544346900318843,100.0,0.046415888336127795,approximate,False,2,False,1,2.5228411125021273,0.0032698713443143966,26.083846216266277
227,2.1544346900318843,100.0,0.046415888336127795,approximate,False,2,False,2,2.396447871012997,0.003330990434862329,26.737585822016985
228,2.1544346900318843,100.0,0.046415888336127795,approximate,False,2,False,3,2.4045875733249713,0.0032851511169513796,26.212249952969664
229,2.1544346900318843,100.0,0.046415888336127795,approximate,False,2,False,4,2.3892786328231286,0.0032545915716774136,25.913506388073735
230,2.1544346900318843,100.0,2.1544346900318843,approximate,False,2,False,0,2.445299740204132,0.003208752253766464,25.3690431890283
231,2.1544346900318843,100.0,2.1544346900318843,approximate,False,2,False,1,2.4368253867527865,0.003315710662225346,26.583605730929403
232,2.1544346900318843,100.0,2.1544346900318843,approximate,False,2,False,2,2.597525756312424,0.0032698713443143966,25.99540024814201
233,2.1544346900318843,100.0,2.1544346900318843,approximate,False,2,False,3,2.5909622613694037,0.0032698713443143966,25.996805069613643
234,2.1544346900318843,100.0,2.1544346900318843,approximate,False,2,False,4,2.477578618972415,0.0032851511169513796,26.240473472856163
235,2.1544346900318843,100.0,100.0,approximate,False,2,False,0,2.3713397336218542,0.0032545915716774136,25.86795949405036
236,2.1544346900318843,100.0,100.0,approximate,False,2,False,1,2.5732419991241042,0.0032545915716774136,25.890801746723415
237,2.1544346900318843,100.0,100.0,approximate,False,2,False,2,2.4466985672575023,0.0032698713443143966,26.04953407653107
238,2.1544346900318843,100.0,100.0,approximate,False,2,False,3,2.6503066026173263,0.003300430889588363,26.415811641444378
239,2.1544346900318843,100.0,100.0,approximate,False,2,False,4,2.5045513554579824,0.0032851511169513796,26.21523185388152
240,100.0,0.001,0.001,approximate,False,2,False,0,3.5025818723159197,0.0,3.977743064439216
241,100.0,0.001,0.001,approximate,False,2,False,1,,,
242,100.0,0.001,0.001,approximate,False,2,False,2,3.303841488668534,0.0,3.971938074423986
243,100.0,0.001,0.001,approximate,False,2,False,3,7.399040578427863,0.012391895608593344,118.98497529259433
244,100.0,0.001,0.001,approximate,False,2,False,4,,,
245,100.0,0.001,0.046415888336127795,approximate,False,2,False,0,3.50595373843789,0.0,3.964177302256457
246,100.0,0.001,0.046415888336127795,approximate,False,2,False,1,3.457381205431798,0.0,4.059188839003859
247,100.0,0.001,0.046415888336127795,approximate,False,2,False,2,3.3240132588706586,0.0,3.9633919625863103
248,100.0,0.001,0.046415888336127795,approximate,False,2,False,3,3.4719110735859062,0.0,3.961395945746235
249,100.0,0.001,0.046415888336127795,approximate,False,2,False,4,3.371798132028344,0.0,3.962513592845647
250,100.0,0.001,2.1544346900318843,approximate,False,2,False,0,2.874048386712437,0.0,3.4686176041746375
251,100.0,0.001,2.1544346900318843,approximate,False,2,False,1,2.823276204860816,0.0,3.4690546755676572
252,100.0,0.001,2.1544346900318843,approximate,False,2,False,2,2.9189764422875792,0.0,3.4691652803058592
253,100.0,0.001,2.1544346900318843,approximate,False,2,False,3,3.0070889925541007,0.0,3.4681541258253628
254,100.0,0.001,2.1544346900318843,approximate,False,2,False,4,2.665344738639465,0.0,3.468435208628261
255,100.0,0.001,100.0,approximate,False,2,False,0,2.748066447404691,0.0,3.468923552618732
256,100.0,0.001,100.0,approximate,False,2,False,1,2.711935800026777,0.0,3.468674102706426
257,100.0,0.001,100.0,approximate,False,2,False,2,2.9108235290634292,0.0,3.4689834249660834
258,100.0,0.001,100.0,approximate,False,2,False,3,2.879646457401438,0.0,3.4686657393378466
259,100.0,0.001,100.0,approximate,False,2,False,4,2.8787351444225746,0.0,3.468648528226526
260,100.0,0.046415888336127795,0.001,approximate,False,2,False,0,3.332362538131825,0.0,4.059874448346037
261,100.0,0.046415888336127795,0.001,approximate,False,2,False,1,2.9388722248104524,0.0,3.5188319321339483
262,100.0,0.046415888336127795,0.001,approximate,False,2,False,2,3.5650860074362027,0.0,3.9751902985038536
263,100.0,0.046415888336127795,0.001,approximate,False,2,False,3,3.561195169487249,0.0,3.9684564039505874
264,100.0,0.046415888336127795,0.001,approximate,False,2,False,4,3.438246200527104,0.0,4.055092144426056
265,100.0,0.046415888336127795,0.046415888336127795,approximate,False,2,False,0,2.861700564243659,0.0,3.468460735458549
266,100.0,0.046415888336127795,0.046415888336127795,approximate,False,2,False,1,2.863686282400167,0.0,3.4686370340606865
267,100.0,0.046415888336127795,0.046415888336127795,approximate,False,2,False,2,2.8125901102492326,0.0,3.4686566055509345
268,100.0,0.046415888336127795,0.046415888336127795,approximate,False,2,False,3,2.8853436356122892,0.0,3.4680249205953415
269,100.0,0.046415888336127795,0.046415888336127795,approximate,False,2,False,4,2.8360459681642984,0.0,3.4690178377798193
270,100.0,0.046415888336127795,2.1544346900318843,approximate,False,2,False,0,2.9823479127812482,0.0,3.46841066698784
271,100.0,0.046415888336127795,2.1544346900318843,approximate,False,2,False,1,2.8861787741488576,0.0,3.4691315623881374
272,100.0,0.046415888336127795,2.1544346900318843,approximate,False,2,False,2,2.685928473085521,0.0,3.4691941347847064
273,100.0,0.046415888336127795,2.1544346900318843,approximate,False,2,False,3,2.77596474866032,0.0,3.46910140266746
274,100.0,0.046415888336127795,2.1544346900318843,approximate,False,2,False,4,2.914375402023954,0.0,3.4695338981398187
275,100.0,0.046415888336127795,100.0,approximate,False,2,False,0,2.8690851095462104,0.0,3.4688529285820646
276,100.0,0.046415888336127795,100.0,approximate,False,2,False,1,2.833261584157712,0.0,3.4688049047462393
277,100.0,0.046415888336127795,100.0,approximate,False,2,False,2,2.753367424170947,0.0,3.4692126682386992
278,100.0,0.046415888336127795,100.0,approximate,False,2,False,3,2.7969326418308764,0.0,3.4689409585907662
279,100.0,0.046415888336127795,100.0,approximate,False,2,False,4,2.913381241634956,0.0,3.4692316289933136
280,100.0,2.1544346900318843,0.001,approximate,False,2,False,0,2.924857523576198,0.0,3.46877987751507
281,100.0,2.1544346900318843,0.001,approximate,False,2,False,1,2.856858522877132,0.0,3.4688695066772928
282,100.0,2.1544346900318843,0.001,approximate,False,2,False,2,2.904233646476176,0.0,3.4683693207819184
283,100.0,2.1544346900318843,0.001,approximate,False,2,False,3,2.8552215104012624,0.0,3.4694126685523403
284,100.0,2.1544346900318843,0.001,approximate,False,2,False,4,2.967210554819466,0.0,3.469038258915515
285,100.0,2.1544346900318843,0.046415888336127795,approximate,False,2,False,0,2.9251689723975094,0.0,3.4689339912038695
286,100.0,2.1544346900318843,0.046415888336127795,approximate,False,2,False,1,2.726298713858192,0.0,3.4688664872583237
287,100.0,2.1544346900318843,0.046415888336127795,approximate,False,2,False,2,2.854316186240665,0.0,3.468701546631651
288,100.0,2.1544346900318843,0.046415888336127795,approximate,False,2,False,3,2.755165053318706,0.0,3.4686269969879233
289,100.0,2.1544346900318843,0.046415888336127795,approximate,False,2,False,4,2.7630996269128367,0.0,3.4692434058293933
290,100.0,2.1544346900318843,2.1544346900318843,approximate,False,2,False,0,2.7998372126859925,0.0,3.4682887382647105
291,100.0,2.1544346900318843,2.1544346900318843,approximate,False,2,False,1,2.981436484372807,0.0,3.469514712673057
292,100.0,2.1544346900318843,2.1544346900318843,approximate,False,2,False,2,2.886991294181294,0.0,3.469028956116216
293,100.0,2.1544346900318843,2.1544346900318843,approximate,False,2,False,3,2.829010518214178,0.0,3.4687032209427278
294,100.0,2.1544346900318843,2.1544346900318843,approximate,False,2,False,4,2.774274091093613,0.0,3.46828936277273
295,100.0,2.1544346900318843,100.0,approximate,False,2,False,0,2.9253388637096305,0.0,3.4687827571896843
296,100.0,2.1544346900318843,100.0,approximate,False,2,False,1,2.9629598204552328,0.0,3.468691976876548
297,100.0,2.1544346900318843,100.0,approximate,False,2,False,2,3.0165347399198805,0.0,3.468493976833875
298,100.0,2.1544346900318843,100.0,approximate,False,2,False,3,2.8715625725014067,0.0,3.4688808294116384
299,100.0,2.1544346900318843,100.0,approximate,False,2,False,4,2.952510131496739,0.0,3.468473775786305
300,100.0,100.0,0.001,approximate,False,2,False,0,2.988200799376506,0.0,3.468899532333767
301,100.0,100.0,0.001,approximate,False,2,False,1,2.902636604147348,0.0,3.468816759098862
302,100.0,100.0,0.001,approximate,False,2,False,2,2.963015842267856,0.0,3.4686308672722963
303,100.0,100.0,0.001,approximate,False,2,False,3,3.0172300608453977,0.0,3.4686674372202893
304,100.0,100.0,0.001,approximate,False,2,False,4,2.9152723042808515,0.0,3.4686157061656995
305,100.0,100.0,0.046415888336127795,approximate,False,2,False,0,2.9569193352367775,0.0,3.468885456326938
306,100.0,100.0,0.046415888336127795,approximate,False,2,False,1,2.857989852858217,0.0,3.469059183462913
307,100.0,100.0,0.046415888336127795,approximate,False,2,False,2,2.8566371511102044,0.0,3.4690745150014157
308,100.0,100.0,0.046415888336127795,approximate,False,2,False,3,2.8670459042362273,0.0,3.4693367510926314
309,100.0,100.0,0.046415888336127795,approximate,False,2,False,4,2.7740210460550583,0.0,3.468561816353746
310,100.0,100.0,2.1544346900318843,approximate,False,2,False,0,2.891459233550443,0.0,3.468768582510941
311,100.0,100.0,2.1544346900318843,approximate,False,2,False,1,2.7391267013800307,0.0,3.4687437003317534
312,100.0,100.0,2.1544346900318843,approximate,False,2,False,2,2.8780394106439355,0.0,3.468287675468621
313,100.0,100.0,2.1544346900318843,approximate,False,2,False,3,2.966057377198748,0.0,3.4686232338355225
314,100.0,100.0,2.1544346900318843,approximate,False,2,False,4,2.771134251335038,0.0,3.469043327887415
315,100.0,100.0,100.0,approximate,False,2,False,0,2.8589961678404534,0.0,3.468379100979815
316,100.0,100.0,100.0,approximate,False,2,False,1,3.0174051673419386,0.0,3.468688454342093
317,100.0,100.0,100.0,approximate,False,2,False,2,2.812067095354954,0.0,3.4695230931096317
318,100.0,100.0,100.0,approximate,False,2,False,3,2.7325398889200074,0.0,3.468571708954004
319,100.0,100.0,100.0,approximate,False,2,False,4,2.887980079819573,0.0,3.4690839430290508
320,0.001,0.001,0.001,approximate,False,0,False,0,7.39196667835476,0.3549949576750298,3545.2920286139993
321,0.001,0.001,0.001,approximate,False,0,False,1,7.377352055419758,0.3594413715123919,3589.8011950462324
322,0.001,0.001,0.001,approximate,False,0,False,2,7.377477594752846,0.3549796779023928,3545.1356598441
323,0.001,0.001,0.001,approximate,False,0,False,3,7.374614757417564,0.36012896128105615,3596.67813324131
324,0.001,0.001,0.001,approximate,False,0,False,4,7.370341937856723,0.3584940256088989,3580.332333384016
325,0.001,0.001,0.046415888336127795,approximate,False,0,False,0,7.368359120454708,0.3596247287840357,3591.6313315999246
326,0.001,0.001,0.046415888336127795,approximate,False,0,False,1,7.369084107874602,0.3599914433273233,3595.298611538402
327,0.001,0.001,0.046415888336127795,approximate,False,0,False,2,7.387796250625115,0.35546863062677625,3550.039291651473
328,0.001,0.001,0.046415888336127795,approximate,False,0,False,3,7.373401729945636,0.36083183082235737,3603.7031805069582
329,0.001,0.001,0.046415888336127795,approximate,False,0,False,4,7.375300537698718,0.360281759007426,3598.199944435726
330,0.001,0.001,2.1544346900318843,approximate,False,0,False,0,7.373305927205995,0.3600372826452342,3595.7546479059347
331,0.001,0.001,2.1544346900318843,approximate,False,0,False,1,7.380933216312259,0.3615499801362956,3610.8840981563185
332,0.001,0.001,2.1544346900318843,approximate,False,0,False,2,7.383837298500339,0.3585245851541729,3580.631332120166
333,0.001,0.001,2.1544346900318843,approximate,False,0,False,3,7.372924357489339,0.3582648290193442,3578.032167389858
334,0.001,0.001,2.1544346900318843,approximate,False,0,False,4,7.373522815246836,0.3587690615163646,3583.066835812791
335,0.001,0.001,100.0,approximate,False,0,False,0,7.375007041782931,0.3599761635546863,3595.140769078831
336,0.001,0.001,100.0,approximate,False,0,False,1,7.383333263195685,0.35968584787458363,3592.245502874198
337,0.001,0.001,100.0,approximate,False,0,False,2,7.368359524387801,0.36159581945420655,3611.3467280061877
338,0.001,0.001,100.0,approximate,False,0,False,3,7.3768281204347845,0.36119854536564494,3607.3711787291154
339,0.001,0.001,100.0,approximate,False,0,False,4,7.377450091149257,0.36087767014026834,3604.1619496996714
340,0.001,0.046415888336127795,0.001,approximate,False,0,False,0,7.3817861635946835,0.3595177703755768,3590.5661055033606
341,0.001,0.046415888336127795,0.001,approximate,False,0,False,1,7.388270223533853,0.35412401063472176,3536.590851214564
342,0.001,0.046415888336127795,0.001,approximate,False,0,False,2,7.375569933280505,0.36020536014424104,3597.4379758896657
343,0.001,0.046415888336127795,0.001,approximate,False,0,False,3,7.379923572153595,0.35846346606362495,3580.0197387336884
344,0.001,0.046415888336127795,0.001,approximate,False,0,False,4,7.376486022104338,0.3597928062830425,3593.30789780678
345,0.001,0.046415888336127795,0.046415888336127795,approximate,False,0,False,0,7.379095154792014,0.3600831219631452,3596.208761394199
346,0.001,0.046415888336127795,0.046415888336127795,approximate,False,0,False,1,7.382066771229018,0.35985392537359046,3593.9219334660684
347,0.001,0.046415888336127795,0.046415888336127795,approximate,False,0,False,2,7.374133756890806,0.3577605965223237,3572.9795348968037
348,0.001,0.046415888336127795,0.046415888336127795,approximate,False,0,False,3,7.366541689277039,0.3590288176511934,3585.6711507017067
349,0.001,0.046415888336127795,0.046415888336127795,approximate,False,0,False,4,7.3661905635445,0.3590746569691043,3586.1362571570544
350,0.001,0.046415888336127795,2.1544346900318843,approximate,False,0,False,0,7.372782489127578,0.3624209271766036,3619.59180931262
351,0.001,0.046415888336127795,2.1544346900318843,approximate,False,0,False,1,7.378155894263334,0.36156525990893257,3611.0339680230804
352,0.001,0.046415888336127795,2.1544346900318843,approximate,False,0,False,2,7.377258026571764,0.36219173058704884,3617.300707611766
353,0.001,0.046415888336127795,2.1544346900318843,approximate,False,0,False,3,7.376176982401455,0.36141246218256273,3609.503583425721
354,0.001,0.046415888336127795,2.1544346900318843,approximate,False,0,False,4,7.3677812445436235,0.362038932860679,3615.7692368877047
355,0.001,0.046415888336127795,100.0,approximate,False,0,False,0,4.740656300930918,0.40936038871741587,4088.522252715398
356,0.001,0.046415888336127795,100.0,approximate,False,0,False,1,4.802123939430601,0.40838248326864895,4078.7606755549577
357,0.001,0.046415888336127795,100.0,approximate,False,0,False,2,4.683202883943951,0.40887143599303244,4083.5945166550714
358,0.001,0.046415888336127795,100.0,approximate,False,0,False,3,4.781974035690783,0.40965070439751855,4091.4538847873237
359,0.001,0.046415888336127795,100.0,approximate,False,0,False,4,4.818141158012361,0.4097271032607035,4092.1916004909463
360,0.001,2.1544346900318843,0.001,approximate,False,0,False,0,7.370450695963662,0.3568896494820157,3564.285849034749
361,0.001,2.1544346900318843,0.001,approximate,False,0,False,1,7.3861067259183555,0.3535586590471534,3530.929649338008
362,0.001,2.1544346900318843,0.001,approximate,False,0,False,2,7.396911529503162,0.3516181279222565,3511.531288298455
363,0.001,2.1544346900318843,0.001,approximate,False,0,False,3,7.3690431497464,0.35794395379396754,3574.8316716227305
364,0.001,2.1544346900318843,0.001,approximate,False,0,False,4,7.373571875284413,0.3580356324297894,3575.7420027653316
365,0.001,2.1544346900318843,0.046415888336127795,approximate,False,0,False,0,7.372443638572723,0.35964000855667266,3591.7797938830627
366,0.001,2.1544346900318843,0.046415888336127795,approximate,False,0,False,1,7.380984370878551,0.3600525624178712,3595.909699673225
367,0.001,2.1544346900318843,0.046415888336127795,approximate,False,0,False,2,7.372138252272626,0.3594566512850289,3589.9464033290865
368,0.001,2.1544346900318843,0.046415888336127795,approximate,False,0,False,3,7.377657485777879,0.35947193105766584,3590.1003278683465
369,0.001,2.1544346900318843,0.046415888336127795,approximate,False,0,False,4,7.376632963077136,0.3604345567337958,3599.7271309961557
370,0.001,2.1544346900318843,2.1544346900318843,approximate,False,0,False,0,4.711498218489508,0.4089936741741283,4084.8299205187095
371,0.001,2.1544346900318843,2.1544346900318843,approximate,False,0,False,1,4.7628486561102354,0.40893255508358034,4084.2583355340334
372,0.001,2.1544346900318843,2.1544346900318843,approximate,False,0,False,2,4.76727181109007,0.41030773462090886,4098.008034863259
373,0.001,2.1544346900318843,2.1544346900318843,approximate,False,0,False,3,4.787924002845483,0.41030773462090886,4098.023182805072
374,0.001,2.1544346900318843,2.1544346900318843,approximate,False,0,False,4,4.7537970295608405,0.41047581211991563,4099.685872634264
375,0.001,2.1544346900318843,100.0,approximate,False,0,False,0,4.863668991882454,0.41457079118662715,4140.793570378573
376,0.001,2.1544346900318843,100.0,approximate,False,0,False,1,4.791464120235693,0.41512086300155854,4146.265321154393
377,0.001,2.1544346900318843,100.0,approximate,False,0,False,2,4.848716008939613,0.411056443480121,4105.668831600522
378,0.001,2.1544346900318843,100.0,approximate,False,0,False,3,4.972312462229451,0.4144791125508052,4139.910883926287
379,0.001,2.1544346900318843,100.0,approximate,False,0,False,4,4.842044859556788,0.41376096323686706,4132.691798622654
380,0.001,100.0,0.001,approximate,False,0,False,0,7.386033703528378,0.3609540690034532,3604.924648096852
381,0.001,100.0,0.001,approximate,False,0,False,1,7.384631483079089,0.3623292485407817,3618.670129399459
382,0.001,100.0,0.001,approximate,False,0,False,2,7.373291707573176,0.3620083733154051,3615.46338914892
383,0.001,100.0,0.001,approximate,False,0,False,3,7.3731546525999345,0.3607401521865355,3602.784248057462
384,0.001,100.0,0.001,approximate,False,0,False,4,7.3687538422521754,0.3610151880940012,3605.529929166233
385,0.001,100.0,0.046415888336127795,approximate,False,0,False,0,4.788583384725641,0.41612932799559943,4156.215272299646
386,0.001,100.0,0.046415888336127795,approximate,False,0,False,1,4.784035751454209,0.4171377929896403,4166.321831682797
387,0.001,100.0,0.046415888336127795,approximate,False,0,False,2,4.776222471296982,0.41631268526724324,4158.060373809388
388,0.001,100.0,0.046415888336127795,approximate,False,0,False,3,4.737784167634271,0.41539589890902423,4148.882016144353
389,0.001,100.0,0.046415888336127795,approximate,False,0,False,4,4.701164938442021,0.41631268526724324,4158.030800128045
390,0.001,100.0,2.1544346900318843,approximate,False,0,False,0,4.908087067372938,0.411942670293066,4114.558170898746
391,0.001,100.0,2.1544346900318843,approximate,False,0,False,1,4.840761608430407,0.4121871466552578,4117.003987860341
392,0.001,100.0,2.1544346900318843,approximate,False,0,False,2,4.866343118395944,0.4127219386975522,4122.28290609014
393,0.001,100.0,2.1544346900318843,approximate,False,0,False,3,4.771092062204552,0.41110228279803196,4106.057124009218
394,0.001,100.0,2.1544346900318843,approximate,False,0,False,4,4.78525217420068,0.4140665586896067,4135.739239799461
395,0.001,100.0,100.0,approximate,False,0,False,0,4.929214380859223,0.41428047550652447,4137.924543251633
396,0.001,100.0,100.0,approximate,False,0,False,1,4.779508593285704,0.4125080218806344,4120.111859147148
397,0.001,100.0,100.0,approximate,False,0,False,2,4.767175145352224,0.4134400880114904,4129.456405721829
398,0.001,100.0,100.0,approximate,False,0,False,3,4.87461045252889,0.4105369312104636,4100.469736382069
399,0.001,100.0,100.0,approximate,False,0,False,4,4.847914385795264,0.41229410506371666,4118.009210399521
400,0.046415888336127795,0.001,0.001,approximate,False,0,False,0,7.379989963616951,0.2405647403966629,2401.0326246178697
401,0.046415888336127795,0.001,0.001,approximate,False,0,False,1,7.382880253869804,0.23688231519114997,2364.2037210787944
402,0.046415888336127795,0.001,0.001,approximate,False,0,False,2,7.383130152900172,0.23973963267426582,2392.7823056686575
403,0.046415888336127795,0.001,0.001,approximate,False,0,False,3,7.374516984924031,0.24198575925190233,2415.2403980981717
404,0.046415888336127795,0.001,0.001,approximate,False,0,False,4,7.385945062335881,0.2357516120160132,2352.899694645605
405,0.046415888336127795,0.001,0.046415888336127795,approximate,False,0,False,0,7.388558824637839,0.24053418085138892,2400.7284233153446
406,0.046415888336127795,0.001,0.046415888336127795,approximate,False,0,False,1,7.37741967158017,0.2394645967668001,2390.0315365065785
407,0.046415888336127795,0.001,0.046415888336127795,approximate,False,0,False,2,7.377015261764296,0.23553769519909543,2350.7624000871515
408,0.046415888336127795,0.001,0.046415888336127795,approximate,False,0,False,3,7.385929191570543,0.2410078538031354,2405.4623153763714
409,0.046415888336127795,0.001,0.046415888336127795,approximate,False,0,False,4,7.384625992214528,0.23645448155731444,2359.9252690366966
410,0.046415888336127795,0.001,2.1544346900318843,approximate,False,0,False,0,7.370694263565228,0.24168016379916266,2412.17588001024
411,0.046415888336127795,0.001,2.1544346900318843,approximate,False,0,False,1,7.37935980012704,0.239556275402622,2390.939159383296
412,0.046415888336127795,0.001,2.1544346900318843,approximate,False,0,False,2,7.382377391234734,0.24053418085138892,2400.7132438221815
413,0.046415888336127795,0.001,2.1544346900318843,approximate,False,0,False,3,7.388642795133812,0.24308590288176513,2426.2364138058406
414,0.046415888336127795,0.001,2.1544346900318843,approximate,False,0,False,4,7.381462493192556,0.24241359288573786,2419.5083227942278
415,0.046415888336127795,0.001,100.0,approximate,False,0,False,0,4.885484653281912,0.22221373345964612,2217.1029282304776
416,0.046415888336127795,0.001,100.0,approximate,False,0,False,1,4.8125027514896015,0.2242306634477279,2237.2404646280334
417,0.046415888336127795,0.001,100.0,approximate,False,0,False,2,4.9083302632542685,0.2231610793631391,2226.5679074413133
418,0.046415888336127795,0.001,100.0,approximate,False,0,False,3,4.80236265901211,0.22500993185221405,2245.048854718546
419,0.046415888336127795,0.001,100.0,approximate,False,0,False,4,4.860165224853447,0.22131222687406413,2208.064174543905
420,0.046415888336127795,0.046415888336127795,0.001,approximate,False,0,False,0,7.374693666375712,0.2211288696024203,2206.6733234443536
421,0.046415888336127795,0.046415888336127795,0.001,approximate,False,0,False,1,7.384842929904481,0.22537664639550165,2249.1509409914083
422,0.046415888336127795,0.046415888336127795,0.001,approximate,False,0,False,2,7.386500325334158,0.22629343275372063,2258.3181986043787
423,0.046415888336127795,0.046415888336127795,0.001,approximate,False,0,False,3,7.383861844993825,0.2243987409467347,2239.367093044775
424,0.046415888336127795,0.046415888336127795,0.001,approximate,False,0,False,4,7.381997721126958,0.22335971640741986,2228.9816109636586
425,0.046415888336127795,0.046415888336127795,0.046415888336127795,approximate,False,0,False,0,7.390160842279962,0.22546832503132352,2250.054396040854
426,0.046415888336127795,0.046415888336127795,0.046415888336127795,approximate,False,0,False,1,7.374275423843546,0.22270268618402958,2222.401248866989
427,0.046415888336127795,0.046415888336127795,0.046415888336127795,approximate,False,0,False,2,7.377777662121584,0.22497937230694007,2245.1696151852793
428,0.046415888336127795,0.046415888336127795,0.046415888336127795,approximate,False,0,False,3,7.37135536086966,0.2305717690920759,2301.096513766476
429,0.046415888336127795,0.046415888336127795,0.046415888336127795,approximate,False,0,False,4,7.389052219512996,0.2284937200134462,2280.314088014616
430,0.046415888336127795,0.046415888336127795,2.1544346900318843,approximate,False,0,False,0,4.921271850565474,0.22317635913577605,2226.7108099648876
431,0.046415888336127795,0.046415888336127795,2.1544346900318843,approximate,False,0,False,1,4.728708231859465,0.22100663142132446,2204.959378353723
432,0.046415888336127795,0.046415888336127795,2.1544346900318843,approximate,False,0,False,2,4.8671782540110184,0.22381810958652934,2233.122078202986
433,0.046415888336127795,0.046415888336127795,2.1544346900318843,approximate,False,0,False,3,4.877931512366854,0.22366531186015953,2231.6161245405956
434,0.046415888336127795,0.046415888336127795,2.1544346900318843,approximate,False,0,False,4,4.817389429908541,0.2237875500412554,2232.8240004786203
435,0.046415888336127795,0.046415888336127795,100.0,approximate,False,0,False,0,4.552093355359981,0.305839929101855,3053.3446660757736
436,0.046415888336127795,0.046415888336127795,100.0,approximate,False,0,False,1,4.4839604681129455,0.3065427986431562,3060.3410429238834
437,0.046415888336127795,0.046415888336127795,100.0,approximate,False,0,False,2,4.761692218146692,0.30313540934510896,3026.457364491897
438,0.046415888336127795,0.046415888336127795,100.0,approximate,False,0,False,3,4.498118588772308,0.30765822204565596,3071.4491833514376
439,0.046415888336127795,0.046415888336127795,100.0,approximate,False,0,False,4,4.593334560055752,0.3090945206735324,3085.897308511116
440,0.046415888336127795,2.1544346900318843,0.001,approximate,False,0,False,0,7.378671655180115,0.1632490908535281,1627.8586467591028
441,0.046415888336127795,2.1544346900318843,0.001,approximate,False,0,False,1,7.383412532886224,0.16711487333068484,1666.5142727698162
442,0.046415888336127795,2.1544346900318843,0.001,approximate,False,0,False,2,7.362107400381578,0.1582526052012346,1577.8970421018923
443,0.046415888336127795,2.1544346900318843,0.001,approximate,False,0,False,3,7.386619407268277,0.16792470128044495,1674.612974501465
444,0.046415888336127795,2.1544346900318843,0.001,approximate,False,0,False,4,7.38927448229222,0.16862757082174618,1681.644984837568
445,0.046415888336127795,2.1544346900318843,0.046415888336127795,approximate,False,0,False,0,4.865147709958425,0.24458332060018947,2440.777217357406
446,0.046415888336127795,2.1544346900318843,0.046415888336127795,approximate,False,0,False,1,4.7131792923024705,0.2447361183265593,2442.287101947414
447,0.046415888336127795,2.1544346900318843,0.046415888336127795,approximate,False,0,False,2,4.774056539188079,0.24138984811906,2408.8515047839264
448,0.046415888336127795,2.1544346900318843,0.046415888336127795,approximate,False,0,False,3,4.779292813109657,0.2455612260489564,2450.565220857785
449,0.046415888336127795,2.1544346900318843,0.046415888336127795,approximate,False,0,False,4,4.925382695640889,0.2412064908474162,2407.061957827352
450,0.046415888336127795,2.1544346900318843,2.1544346900318843,approximate,False,0,False,0,4.694020377673031,0.3055190538764783,3050.2264879267586
451,0.046415888336127795,2.1544346900318843,2.1544346900318843,approximate,False,0,False,1,4.711941528551938,0.3062677627356905,3057.6818517185307
452,0.046415888336127795,2.1544346900318843,2.1544346900318843,approximate,False,0,False,2,4.8664269627007295,0.31017938453075816,3096.901016290572
453,0.046415888336127795,2.1544346900318843,2.1544346900318843,approximate,False,0,False,3,4.591733664855042,0.30674143568743695,3062.398822397406
454,0.046415888336127795,2.1544346900318843,2.1544346900318843,approximate,False,0,False,4,4.601187241706636,0.30495370228890994,3044.5084242791745
455,0.046415888336127795,2.1544346900318843,100.0,approximate,False,0,False,0,4.521926031613982,0.3050759404700058,3045.659828205432
456,0.046415888336127795,2.1544346900318843,100.0,approximate,False,0,False,1,4.525888100875857,0.3058857684197659,3053.7700926776943
457,0.046415888336127795,2.1544346900318843,100.0,approximate,False,0,False,2,4.5180763037223635,0.30623720319041653,3057.2918894733302
458,0.046415888336127795,2.1544346900318843,100.0,approximate,False,0,False,3,4.773768453698261,0.30941539589890904,3089.216317006967
459,0.046415888336127795,2.1544346900318843,100.0,approximate,False,0,False,4,4.548494441914221,0.31057665861931977,3100.6895814032287
460,0.046415888336127795,100.0,0.001,approximate,False,0,False,0,6.26814696911992,0.2934174739479877,2929.452535708564
461,0.046415888336127795,100.0,0.001,approximate,False,0,False,1,7.23030248236513,0.29179781804846744,2913.3112957729386
462,0.046415888336127795,100.0,0.001,approximate,False,0,False,2,7.394982465749831,0.29259236622559054,2921.4929112570853
463,0.046415888336127795,100.0,0.001,approximate,False,0,False,3,7.422627292101493,0.2965498273385692,2960.9557832513174
464,0.046415888336127795,100.0,0.001,approximate,False,0,False,4,7.424774367039362,0.2950829691654188,2946.323731652785
465,0.046415888336127795,100.0,0.046415888336127795,approximate,False,0,False,0,4.574781468738296,0.3065733581884302,3060.630145012784
466,0.046415888336127795,100.0,0.046415888336127795,approximate,False,0,False,1,4.678827025177777,0.30646639977997125,3059.658390902185
467,0.046415888336127795,100.0,0.046415888336127795,approximate,False,0,False,2,4.606701949092621,0.3053662561501085,3048.66123825216
468,0.046415888336127795,100.0,0.046415888336127795,approximate,False,0,False,3,4.720205502556567,0.3068942334138068,3063.9453187991576
469,0.046415888336127795,100.0,0.046415888336127795,approximate,False,0,False,4,4.594016751445912,0.3053356966048345,3048.284932867673
470,0.046415888336127795,100.0,2.1544346900318843,approximate,False,0,False,0,4.716860447592351,0.3096140329431898,3091.1403375436257
471,0.046415888336127795,100.0,2.1544346900318843,approximate,False,0,False,1,4.614435225304185,0.30723038841182043,3067.288113039444
472,0.046415888336127795,100.0,2.1544346900318843,approximate,False,0,False,2,4.57047932616067,0.30796381749839563,3074.5545592293556
473,0.046415888336127795,100.0,2.1544346900318843,approximate,False,0,False,3,4.6262507909285375,0.307612382727745,3071.061083742179
474,0.046415888336127795,100.0,2.1544346900318843,approximate,False,0,False,4,4.685345331920176,0.3095681936252789,3090.6959057629474
475,0.046415888336127795,100.0,100.0,approximate,False,0,False,0,4.592607145432299,0.3038993979769581,3033.8588565238015
476,0.046415888336127795,100.0,100.0,approximate,False,0,False,1,4.481949429251321,0.3027992543470953,3022.814694469852
477,0.046415888336127795,100.0,100.0,approximate,False,0,False,2,4.698601545234004,0.3060996852366837,3055.9981453821683
478,0.046415888336127795,100.0,100.0,approximate,False,0,False,3,4.738301079275463,0.3062524829630535,3057.5447823369395
479,0.046415888336127795,100.0,100.0,approximate,False,0,False,4,4.547710232787607,0.3070011918222657,3064.981727629114
480,2.1544346900318843,0.001,0.001,approximate,False,0,False,0,4.236961475770766,1.527977263698316e-05,4.350344148879057
481,2.1544346900318843,0.001,0.001,approximate,False,0,False,1,4.352238323381492,4.5839317910949484e-05,4.350556793183095
482,2.1544346900318843,0.001,0.001,approximate,False,0,False,2,4.221059730103815,3.055954527396632e-05,4.351121610922738
483,2.1544346900318843,0.001,0.001,approximate,False,0,False,3,4.302967332187407,4.5839317910949484e-05,4.350525424127436
484,2.1544346900318843,0.001,0.001,approximate,False,0,False,4,4.346167776834302,4.5839317910949484e-05,4.350451341870889
485,2.1544346900318843,0.001,0.046415888336127795,approximate,False,0,False,0,4.217974213994986,4.5839317910949484e-05,4.356071905131193
486,2.1544346900318843,0.001,0.046415888336127795,approximate,False,0,False,1,4.337993657084271,4.5839317910949484e-05,4.356921779153233
487,2.1544346900318843,0.001,0.046415888336127795,approximate,False,0,False,2,4.2355470667417014,4.5839317910949484e-05,4.357360836089494
488,2.1544346900318843,0.001,0.046415888336127795,approximate,False,0,False,3,4.288013763118802,4.5839317910949484e-05,4.357047017028322
489,2.1544346900318843,0.001,0.046415888336127795,approximate,False,0,False,4,4.252740834060939,3.055954527396632e-05,4.356923786971793
490,2.1544346900318843,0.001,2.1544346900318843,approximate,False,0,False,0,4.9396070831617065,0.009412339944381627,89.12350872206517
491,2.1544346900318843,0.001,2.1544346900318843,approximate,False,0,False,1,4.766296671601402,0.009442899489655593,89.40942175485509
492,2.1544346900318843,0.001,2.1544346900318843,approximate,False,0,False,2,4.867146806365674,0.009351220853833695,88.51731474338429
493,2.1544346900318843,0.001,2.1544346900318843,approximate,False,0,False,3,4.8640619865966475,0.009335941081196711,88.35902008890437
494,2.1544346900318843,0.001,2.1544346900318843,approximate,False,0,False,4,4.872954172154509,0.009397060171744645,88.96282860615982
495,2.1544346900318843,0.001,100.0,approximate,False,0,False,0,4.322553998061983,0.01879412034348929,183.11959977430251
496,2.1544346900318843,0.001,100.0,approximate,False,0,False,1,4.328528055121279,0.019405311248968615,189.22675379186256
497,2.1544346900318843,0.001,100.0,approximate,False,0,False,2,4.336927556704345,0.01870244170766739,182.2007954074467
498,2.1544346900318843,0.001,100.0,approximate,False,0,False,3,4.301250521766558,0.018870519206674204,183.86802280606045
499,2.1544346900318843,0.001,100.0,approximate,False,0,False,4,4.322300575369119,0.018855239434037222,183.7311632732059
500,2.1544346900318843,0.046415888336127795,0.001,approximate,False,0,False,0,4.203623667694257,6.111909054793265e-05,4.389407894773849
501,2.1544346900318843,0.046415888336127795,0.001,approximate,False,0,False,1,4.186177494149729,4.5839317910949484e-05,4.388698936404446
502,2.1544346900318843,0.046415888336127795,0.001,approximate,False,0,False,2,4.2167488420133745,7.639886318491581e-05,4.389792640408171
503,2.1544346900318843,0.046415888336127795,0.001,approximate,False,0,False,3,4.234447795876305,4.5839317910949484e-05,4.389276282925617
504,2.1544346900318843,0.046415888336127795,0.001,approximate,False,0,False,4,4.199887784955478,4.5839317910949484e-05,4.390097308783607
505,2.1544346900318843,0.046415888336127795,0.046415888336127795,approximate,False,0,False,0,5.40632078485928,0.009366500626470679,88.74816059726264
506,2.1544346900318843,0.046415888336127795,0.046415888336127795,approximate,False,0,False,1,5.533988856660587,0.009335941081196711,88.47227189913144
507,2.1544346900318843,0.046415888336127795,0.046415888336127795,approximate,False,0,False,2,5.53602016428832,0.009366500626470679,88.77103581618275
508,2.1544346900318843,0.046415888336127795,0.046415888336127795,approximate,False,0,False,3,5.364907983819805,0.009381780399107661,88.90935912157464
509,2.1544346900318843,0.046415888336127795,0.046415888336127795,approximate,False,0,False,4,5.40669235531304,0.009397060171744645,89.06387404906306
510,2.1544346900318843,0.046415888336127795,2.1544346900318843,approximate,False,0,False,0,4.386601898118591,0.018763560798215322,182.8121015030375
511,2.1544346900318843,0.046415888336127795,2.1544346900318843,approximate,False,0,False,1,4.316216070275854,0.019053876478318004,185.7136675573357
512,2.1544346900318843,0.046415888336127795,2.1544346900318843,approximate,False,0,False,2,4.369772962759145,0.018549643981297558,180.67333374916427
513,2.1544346900318843,0.046415888336127795,2.1544346900318843,approximate,False,0,False,3,4.332264119181048,0.018733001252941358,182.49615007486267
514,2.1544346900318843,0.046415888336127795,2.1544346900318843,approximate,False,0,False,4,4.3293853141508345,0.018901078751948172,184.17631119953506
515,2.1544346900318843,0.046415888336127795,100.0,approximate,False,0,False,0,4.3648698614641575,0.018503804663386608,180.2208284429505
516,2.1544346900318843,0.046415888336127795,100.0,approximate,False,0,False,1,4.297760629055275,0.018809400116126272,183.2697645241765
517,2.1544346900318843,0.046415888336127795,100.0,approximate,False,0,False,2,4.345332216996646,0.019252513522598783,187.71175022301324
518,2.1544346900318843,0.046415888336127795,100.0,approximate,False,0,False,3,4.187367816138304,0.018381566482290744,178.9643057658546
519,2.1544346900318843,0.046415888336127795,100.0,approximate,False,0,False,4,4.324518668670314,0.018488524890749626,180.04275341660215
520,2.1544346900318843,2.1544346900318843,0.001,approximate,False,0,False,0,7.380297281093842,0.01193350242948385,114.87169558631396
521,2.1544346900318843,2.1544346900318843,0.001,approximate,False,0,False,1,7.379141138410949,0.012040460837942732,115.94206219153779
522,2.1544346900318843,2.1544346900318843,0.001,approximate,False,0,False,2,7.386076884534677,0.011948782202120832,115.02109556611737
523,2.1544346900318843,2.1544346900318843,0.001,approximate,False,0,False,3,7.380182818786644,0.012162699019038596,117.1585162454237
524,2.1544346900318843,2.1544346900318843,0.001,approximate,False,0,False,4,7.378904042656144,0.011475109250374354,110.29081487936416
525,2.1544346900318843,2.1544346900318843,0.046415888336127795,approximate,False,0,False,0,4.26001217797014,0.018427405800201694,179.4362900629214
526,2.1544346900318843,2.1544346900318843,0.046415888336127795,approximate,False,0,False,1,4.423537078798155,0.018962197842496104,184.80966857021693
527,2.1544346900318843,2.1544346900318843,0.046415888336127795,approximate,False,0,False,2,4.2619690338135365,0.018717721480304372,182.34968902508461
528,2.1544346900318843,2.1544346900318843,0.046415888336127795,approximate,False,0,False,3,4.3681900087876535,0.01851908443602359,180.36580371543175
529,2.1544346900318843,2.1544346900318843,0.046415888336127795,approximate,False,0,False,4,4.347853893583834,0.01851908443602359,180.3704510184019
530,2.1544346900318843,2.1544346900318843,2.1544346900318843,approximate,False,0,False,0,4.271226059832703,0.018733001252941358,182.50810665005582
531,2.1544346900318843,2.1544346900318843,2.1544346900318843,approximate,False,0,False,1,4.29484975891931,0.01851908443602359,180.35316706652995
532,2.1544346900318843,2.1544346900318843,2.1544346900318843,approximate,False,0,False,2,4.432358589718987,0.018962197842496104,184.80915003316116
533,2.1544346900318843,2.1544346900318843,2.1544346900318843,approximate,False,0,False,3,4.345571395093225,0.018778840570852304,182.96367502920484
534,2.1544346900318843,2.1544346900318843,2.1544346900318843,approximate,False,0,False,4,4.344992009230144,0.018534364208660576,180.52363892312516
535,2.1544346900318843,2.1544346900318843,100.0,approximate,False,0,False,0,4.325920872784473,0.019008037160407054,185.26070755657622
536,2.1544346900318843,2.1544346900318843,100.0,approximate,False,0,False,1,4.344662968940644,0.019053876478318004,185.70989672493204
537,2.1544346900318843,2.1544346900318843,100.0,approximate,False,0,False,2,4.403132539215376,0.01899275738777007,185.10154235468445
538,2.1544346900318843,2.1544346900318843,100.0,approximate,False,0,False,3,4.3251789824119395,0.018946918069859122,184.65485405521457
539,2.1544346900318843,2.1544346900318843,100.0,approximate,False,0,False,4,4.322623416856625,0.018778840570852304,182.9669705154514
540,2.1544346900318843,100.0,0.001,approximate,False,0,False,0,4.494959133246658,0.01879412034348929,183.1308292744122
541,2.1544346900318843,100.0,0.001,approximate,False,0,False,1,4.338653385598791,0.018717721480304372,182.34225877448208
542,2.1544346900318843,100.0,0.001,approximate,False,0,False,2,4.4377709547134145,0.018671882162393422,181.9002886189385
543,2.1544346900318843,100.0,0.001,approximate,False,0,False,3,4.305778550598039,0.018809400116126272,183.27890508291563
544,2.1544346900318843,100.0,0.001,approximate,False,0,False,4,4.421327627489647,0.018809400116126272,183.2743067804973
545,2.1544346900318843,100.0,0.046415888336127795,approximate,False,0,False,0,4.356509684389289,0.01879412034348929,183.12597985678588
546,2.1544346900318843,100.0,0.046415888336127795,approximate,False,0,False,1,4.1886224679880435,0.018396846254927726,179.12983575728038
547,2.1544346900318843,100.0,0.046415888336127795,approximate,False,0,False,2,4.329145099934869,0.018473245118112644,179.90338855945433
548,2.1544346900318843,100.0,0.046415888336127795,approximate,False,0,False,3,4.3557152363503695,0.018488524890749626,180.06335934136484
549,2.1544346900318843,100.0,0.046415888336127795,approximate,False,0,False,4,4.310243573459638,0.018687161935030408,182.05212450891943
550,2.1544346900318843,100.0,2.1544346900318843,approximate,False,0,False,0,4.402954849260676,0.01861076307184549,181.2876305651543
551,2.1544346900318843,100.0,2.1544346900318843,approximate,False,0,False,1,4.2739200059493125,0.018931638297222136,184.48540439644717
552,2.1544346900318843,100.0,2.1544346900318843,approximate,False,0,False,2,4.393597916458564,0.018549643981297558,180.67660131139857
553,2.1544346900318843,100.0,2.1544346900318843,approximate,False,0,False,3,4.417120062550279,0.018687161935030408,182.04345837273348
554,2.1544346900318843,100.0,2.1544346900318843,approximate,False,0,False,4,4.367656812234585,0.01856492375393454,180.80600574021292
555,2.1544346900318843,100.0,100.0,approximate,False,0,False,0,4.327791724645071,0.018870519206674204,183.8791732619334
556,2.1544346900318843,100.0,100.0,approximate,False,0,False,1,4.344645267757897,0.018901078751948172,184.1864469182574
557,2.1544346900318843,100.0,100.0,approximate,False,0,False,2,4.339930317080269,0.01856492375393454,180.82438119076747
558,2.1544346900318843,100.0,100.0,approximate,False,0,False,3,4.241034287982167,0.018549643981297558,180.6524826947852
559,2.1544346900318843,100.0,100.0,approximate,False,0,False,4,4.346245133254198,0.018381566482290744,178.97700202814977
560,100.0,0.001,0.001,approximate,False,0,False,0,,,
561,100.0,0.001,0.001,approximate,False,0,False,1,,,
562,100.0,0.001,0.001,approximate,False,0,False,2,,,
563,100.0,0.001,0.001,approximate,False,0,False,3,,,
564,100.0,0.001,0.001,approximate,False,0,False,4,,,
565,100.0,0.001,0.046415888336127795,approximate,False,0,False,0,3.600712989146997,0.0,4.875742343817366
566,100.0,0.001,0.046415888336127795,approximate,False,0,False,1,3.579123117615698,0.0,4.844626025460265
567,100.0,0.001,0.046415888336127795,approximate,False,0,False,2,3.549616894292365,0.0,4.8635288415635305
568,100.0,0.001,0.046415888336127795,approximate,False,0,False,3,3.5942870888246046,0.0,4.865268315203885
569,100.0,0.001,0.046415888336127795,approximate,False,0,False,4,3.59960656482743,0.0,4.909637968698115
570,100.0,0.001,2.1544346900318843,approximate,False,0,False,0,2.9229230268248974,0.0,4.53503623269235
571,100.0,0.001,2.1544346900318843,approximate,False,0,False,1,2.9144277931801588,0.0,4.5351704740602905
572,100.0,0.001,2.1544346900318843,approximate,False,0,False,2,3.06629873818346,0.0,4.535408017259219
573,100.0,0.001,2.1544346900318843,approximate,False,0,False,3,2.7623419589748752,0.0,4.534963647527574
574,100.0,0.001,2.1544346900318843,approximate,False,0,False,4,2.952798720939119,0.0,4.534923779525704
575,100.0,0.001,100.0,approximate,False,0,False,0,2.92963681383305,0.0,4.534944854824495
576,100.0,0.001,100.0,approximate,False,0,False,1,2.921383720269661,0.0,4.534827523836839
577,100.0,0.001,100.0,approximate,False,0,False,2,2.8724976120613332,0.0,4.53496206666015
578,100.0,0.001,100.0,approximate,False,0,False,3,2.869574206412273,0.0,4.535000862086721
579,100.0,0.001,100.0,approximate,False,0,False,4,2.828404579250653,0.0,4.535025518264989
580,100.0,0.046415888336127795,0.001,approximate,False,0,False,0,3.3825670904515848,0.0,4.905913199042868
581,100.0,0.046415888336127795,0.001,approximate,False,0,False,1,3.6022994266899353,0.0,4.868692978247864
582,100.0,0.046415888336127795,0.001,approximate,False,0,False,2,3.5092601550505766,0.0,4.8634677934549275
583,100.0,0.046415888336127795,0.001,approximate,False,0,False,3,3.4768750427821185,0.0,4.853372911565922
584,100.0,0.046415888336127795,0.001,approximate,False,0,False,4,3.5753096186075086,0.0,4.926506283211024
585,100.0,0.046415888336127795,0.046415888336127795,approximate,False,0,False,0,2.9296522046841735,0.0,4.534948493055695
586,100.0,0.046415888336127795,0.046415888336127795,approximate,False,0,False,1,2.9533656696101374,0.0,4.535237830164085
587,100.0,0.046415888336127795,0.046415888336127795,approximate,False,0,False,2,3.049087378052164,0.0,4.534787162040833
588,100.0,0.046415888336127795,0.046415888336127795,approximate,False,0,False,3,2.9024591525923427,0.0,4.534769215685347
589,100.0,0.046415888336127795,0.046415888336127795,approximate,False,0,False,4,2.9505195780724445,0.0,4.534837593025099
590,100.0,0.046415888336127795,2.1544346900318843,approximate,False,0,False,0,3.0745854627694027,0.0,4.535135840025182
591,100.0,0.046415888336127795,2.1544346900318843,approximate,False,0,False,1,3.0104421866278632,0.0,4.5351563592898785
592,100.0,0.046415888336127795,2.1544346900318843,approximate,False,0,False,2,2.8864787094055004,0.0,4.535074029555331
593,100.0,0.046415888336127795,2.1544346900318843,approximate,False,0,False,3,3.0446161608398334,0.0,4.535067414573039
594,100.0,0.046415888336127795,2.1544346900318843,approximate,False,0,False,4,2.926952183083861,0.0,4.535245802539624
595,100.0,0.046415888336127795,100.0,approximate,False,0,False,0,2.849456963206775,0.0,4.535224292230898
596,100.0,0.046415888336127795,100.0,approximate,False,0,False,1,3.0174454535151014,0.0,4.535195449869479
597,100.0,0.046415888336127795,100.0,approximate,False,0,False,2,3.03933778242097,0.0,4.534839093716169
598,100.0,0.046415888336127795,100.0,approximate,False,0,False,3,2.9172624622325256,0.0,4.534867259469524
599,100.0,0.046415888336127795,100.0,approximate,False,0,False,4,3.091434469755855,0.0,4.534848588826864
600,100.0,2.1544346900318843,0.001,approximate,False,0,False,0,2.9901067472660876,0.0,4.53550880055049
601,100.0,2.1544346900318843,0.001,approximate,False,0,False,1,2.8652190168137874,0.0,4.534932164490669
602,100.0,2.1544346900318843,0.001,approximate,False,0,False,2,2.974042631756216,0.0,4.534899167712972
603,100.0,2.1544346900318843,0.001,approximate,False,0,False,3,3.029982816525637,0.0,4.534904635209819
604,100.0,2.1544346900318843,0.001,approximate,False,0,False,4,2.9688537014268683,0.0,4.535128258608984
605,100.0,2.1544346900318843,0.046415888336127795,approximate,False,0,False,0,2.8525101603666645,0.0,4.534902958612971
606,100.0,2.1544346900318843,0.046415888336127795,approximate,False,0,False,1,3.0617210249234246,0.0,4.534849029017059
607,100.0,2.1544346900318843,0.046415888336127795,approximate,False,0,False,2,2.9394078254541567,0.0,4.534875368816608
608,100.0,2.1544346900318843,0.046415888336127795,approximate,False,0,False,3,2.7992775192989403,0.0,4.5351128043955224
609,100.0,2.1544346900318843,0.046415888336127795,approximate,False,0,False,4,2.924575275609942,0.0,4.535540300772135
610,100.0,2.1544346900318843,2.1544346900318843,approximate,False,0,False,0,2.9885696898585015,0.0,4.53489672505027
611,100.0,2.1544346900318843,2.1544346900318843,approximate,False,0,False,1,2.9648377645181365,0.0,4.534878764095123
612,100.0,2.1544346900318843,2.1544346900318843,approximate,False,0,False,2,2.973195617116558,0.0,4.534410023257113
613,100.0,2.1544346900318843,2.1544346900318843,approximate,False,0,False,3,2.9836216825170574,0.0,4.534758664479197
614,100.0,2.1544346900318843,2.1544346900318843,approximate,False,0,False,4,2.9355638609558903,0.0,4.535135229944726
615,100.0,2.1544346900318843,100.0,approximate,False,0,False,0,2.7915000749690986,0.0,4.535468150192083
616,100.0,2.1544346900318843,100.0,approximate,False,0,False,1,2.9540491776446403,0.0,4.535137433702454
617,100.0,2.1544346900318843,100.0,approximate,False,0,False,2,2.8182776796668665,0.0,4.5348556331749
618,100.0,2.1544346900318843,100.0,approximate,False,0,False,3,2.9701227005590316,0.0,4.534816159506832
619,100.0,2.1544346900318843,100.0,approximate,False,0,False,4,2.9820156811642,0.0,4.535092056005317
620,100.0,100.0,0.001,approximate,False,0,False,0,3.0502442877567453,0.0,4.535164276214342
621,100.0,100.0,0.001,approximate,False,0,False,1,2.980877668275828,0.0,4.5347939460681825
622,100.0,100.0,0.001,approximate,False,0,False,2,2.9849892352022467,0.0,4.535331718614413
623,100.0,100.0,0.001,approximate,False,0,False,3,2.895987050072548,0.0,4.53494612345433
624,100.0,100.0,0.001,approximate,False,0,False,4,3.0557386272492746,0.0,4.534929454375675
625,100.0,100.0,0.046415888336127795,approximate,False,0,False,0,2.910075647345294,0.0,4.535146292608937
626,100.0,100.0,0.046415888336127795,approximate,False,0,False,1,2.9818423432937338,0.0,4.534694297865779
627,100.0,100.0,0.046415888336127795,approximate,False,0,False,2,2.946564010011318,0.0,4.534718137134346
628,100.0,100.0,0.046415888336127795,approximate,False,0,False,3,3.049516137067584,0.0,4.534876644426529
629,100.0,100.0,0.046415888336127795,approximate,False,0,False,4,2.990790727104317,0.0,4.535203735151873
630,100.0,100.0,2.1544346900318843,approximate,False,0,False,0,2.806900225151633,0.0,4.534601206773405
631,100.0,100.0,2.1544346900318843,approximate,False,0,False,1,2.9929665925008107,0.0,4.534928796857263
632,100.0,100.0,2.1544346900318843,approximate,False,0,False,2,2.916075291470536,0.0,4.534822944593252
633,100.0,100.0,2.1544346900318843,approximate,False,0,False,3,2.8965044306541903,0.0,4.535318878969176
634,100.0,100.0,2.1544346900318843,approximate,False,0,False,4,2.9697313932377964,0.0,4.535446182248619
635,100.0,100.0,100.0,approximate,False,0,False,0,3.0962927774397517,0.0,4.535387781500786
636,100.0,100.0,100.0,approximate,False,0,False,1,3.063006073151345,0.0,4.535416327481906
637,100.0,100.0,100.0,approximate,False,0,False,2,3.002220296239846,0.0,4.534763640633695
638,100.0,100.0,100.0,approximate,False,0,False,3,3.0128361179894996,0.0,4.535453255160116
639,100.0,100.0,100.0,approximate,False,0,False,4,3.0151375187716725,0.0,4.534801428694117
