,smoothness_flatfield,fitting_mode,sort_intensity,channel_index,use_weight,rep,entropy,fourier_L0_norm,autotune_cost
0,0.001,ladmap,False,0,True,0,5.35648396273708,0.4006356385416985,4001.0593644396768
1,0.001,ladmap,False,0,True,1,5.36550003902692,0.39794639855758945,3974.186011452836
2,0.001,ladmap,False,0,True,2,5.361900143033897,0.4007884362680683,4002.5822453835017
3,0.001,ladmap,False,0,True,3,5.354816164688103,0.39939797695810286,3988.699476215048
4,0.001,ladmap,False,0,True,4,5.356188826474741,0.39947437582128775,3989.463650255383
5,0.001,ladmap,False,0,False,0,5.047357563928881,0.34541454023164136,3449.1927598803427
6,0.001,ladmap,False,0,False,1,5.0469920159349115,0.34623964795403844,3457.4434715563193
7,0.001,ladmap,False,0,False,2,5.047547238640653,0.34640772545304527,3459.124801769093
8,0.001,ladmap,False,0,False,3,5.047281859268416,0.3459034929560248,3454.082211419516
9,0.001,ladmap,False,0,False,4,5.047465037040709,0.3467286006784219,3462.33347182126
10,0.001,approximate,False,0,True,0,5.307520231938645,0.30513705956055376,3046.416152973966
11,0.001,approximate,False,0,True,1,5.3222627754692775,0.30396051706750604,3034.650637435674
12,0.001,approximate,False,0,True,2,5.319508749340979,0.3033493261620267,3028.538774244156
13,0.001,approximate,False,0,True,3,5.321632873718209,0.30292149252819117,3024.2600551420214
14,0.001,approximate,False,0,True,4,5.326157709230431,0.3035326834336705,3030.3724488867497
15,0.001,approximate,False,0,False,0,4.985395673593369,0.3650032087522538,3645.0174831961313
16,0.001,approximate,False,0,False,1,4.984673225056144,0.36520184579653453,3647.0031311904013
17,0.001,approximate,False,0,False,2,4.9850760305069715,0.3653240839776304,3648.225915806811
18,0.001,approximate,False,0,False,3,4.984379229341862,0.365721358066192,3652.1979598912617
19,0.001,approximate,False,0,False,4,4.984965140388078,0.3652476851144455,3647.461816284843
20,0.0022758459260747888,ladmap,False,0,True,0,5.353709894374968,0.38879381474803654,3882.6389597770635
21,0.0022758459260747888,ladmap,False,0,True,1,5.3580153002359445,0.3871283195306054,3865.9872186517023
22,0.0022758459260747888,ladmap,False,0,True,2,5.360207012049643,0.3898481190599884,3893.1845046488056
23,0.0022758459260747888,ladmap,False,0,True,3,5.349839856568088,0.3885951777037558,3880.6544893790215
24,0.0022758459260747888,ladmap,False,0,True,4,5.360307693680389,0.38700608134950953,3864.762219638361
25,0.0022758459260747888,ladmap,False,0,False,0,5.047743790271658,0.3406166916236286,3401.2146600265582
26,0.0022758459260747888,ladmap,False,0,False,1,5.0474126517317,0.34131956116492984,3408.24302430103
27,0.0022758459260747888,ladmap,False,0,False,2,5.047815709872508,0.34150291843657365,3410.077000075609
28,0.0022758459260747888,ladmap,False,0,False,3,5.047666872113514,0.3406319713962656,3401.3673808347694
29,0.0022758459260747888,ladmap,False,0,False,4,5.0479891586804815,0.34177795434403935,3412.827532599074
30,0.0022758459260747888,approximate,False,0,True,0,5.319011406053664,0.29253124713504264,2920.356795401429
31,0.0022758459260747888,approximate,False,0,True,1,5.308510353474267,0.2933410750848027,2928.454971119606
32,0.0022758459260747888,approximate,False,0,True,2,5.313047199342365,0.2936619503101794,2931.6638264738604
33,0.0022758459260747888,approximate,False,0,True,3,5.3221311936747995,0.2921034135012071,2916.077999979767
34,0.0022758459260747888,approximate,False,0,True,4,5.306798694660474,0.29172141918528255,2912.258670024183
35,0.0022758459260747888,approximate,False,0,False,0,4.98511348524791,0.3608012712770834,3602.9978262560817
36,0.0022758459260747888,approximate,False,0,False,1,4.9843470136686285,0.3617486171805763,3612.4705188194316
37,0.0022758459260747888,approximate,False,0,False,2,4.984791594522775,0.3604498365064328,3599.483156658851
38,0.0022758459260747888,approximate,False,0,False,3,4.9841185524444445,0.36159581945420655,3610.94231309451
39,0.0022758459260747888,approximate,False,0,False,4,4.984690558352786,0.36139718240992574,3608.95651465761
40,0.005179474679231213,ladmap,False,0,True,0,5.368173961510411,0.3573327628884882,3568.007635923559
41,0.005179474679231213,ladmap,False,0,True,1,5.354557320966119,0.36318491580845275,3626.5130611155173
42,0.005179474679231213,ladmap,False,0,True,2,5.343196816765234,0.36818140146074624,3676.480280438246
43,0.005179474679231213,ladmap,False,0,True,3,5.365018148511301,0.36058735446016565,3600.541242431735
44,0.005179474679231213,ladmap,False,0,True,4,5.352013393560951,0.3601595208263301,3596.2707634618982
45,0.005179474679231213,ladmap,False,0,False,0,5.048829420316907,0.33062372031904164,3301.2860326107334
46,0.005179474679231213,ladmap,False,0,False,1,5.048263052977071,0.33160162576780855,3311.0645207310627
47,0.005179474679231213,ladmap,False,0,False,2,5.048688834384542,0.3324725728081166,3319.7744169155503
48,0.005179474679231213,ladmap,False,0,False,3,5.048362111694639,0.3301958866852061,3297.0072289637556
49,0.005179474679231213,ladmap,False,0,False,4,5.048759972270671,0.33303792439568497,3325.42800392912
50,0.005179474679231213,approximate,False,0,True,0,5.2911997261091885,0.27761818904134705,2771.224542805792
51,0.005179474679231213,approximate,False,0,True,1,5.285956173384391,0.2769917183632308,2764.95974479922
52,0.005179474679231213,approximate,False,0,True,2,5.285300267898563,0.27888641017021665,2783.906865852495
53,0.005179474679231213,approximate,False,0,True,3,5.291722496280386,0.2760596522323748,2755.638754498088
54,0.005179474679231213,approximate,False,0,True,4,5.28608900892983,0.2764569263209363,2759.612121496718
55,0.005179474679231213,approximate,False,0,False,0,4.984590728524121,0.35002903156801024,3495.2749064086265
56,0.005179474679231213,approximate,False,0,False,1,4.983778794256694,0.35148060996852365,3509.789878479493
57,0.005179474679231213,approximate,False,0,False,2,4.984314982412052,0.34966231702472267,3491.6074852296388
58,0.005179474679231213,approximate,False,0,False,3,4.983629360825068,0.3495400788436268,3490.384417797093
59,0.005179474679231213,approximate,False,0,False,4,4.984167761268705,0.3497387158879076,3492.3713266403447
60,0.011787686347935873,ladmap,False,0,True,0,5.353173984401767,0.329386058735446,3288.4761479001577
61,0.011787686347935873,ladmap,False,0,True,1,5.345561346076029,0.3242062158115087,3236.679835642606
62,0.011787686347935873,ladmap,False,0,True,2,5.369169844081547,0.3337560737096232,3332.186135328224
63,0.011787686347935873,ladmap,False,0,True,3,5.337030021965596,0.32756776579164504,3270.297057938091
64,0.011787686347935873,ladmap,False,0,True,4,5.359037922270885,0.3301500473672952,3296.1228789339953
65,0.011787686347935873,ladmap,False,0,False,0,5.0438290753327575,0.30640528068942335,3059.0966359695663
66,0.011787686347935873,ladmap,False,0,False,1,5.043655650488089,0.3078262995446628,3073.306651097116
67,0.011787686347935873,ladmap,False,0,False,2,5.043932923089068,0.30940011612627205,3089.0450941858094
68,0.011787686347935873,ladmap,False,0,False,3,5.043264231664075,0.30684839409589587,3063.5272051906227
69,0.011787686347935873,ladmap,False,0,False,4,5.044809101856885,0.3073067872750053,3068.11268185191
70,0.011787686347935873,approximate,False,0,True,0,5.231758038523995,0.2565168230296733,2560.20767700986
71,0.011787686347935873,approximate,False,0,True,1,5.229143752389143,0.25702105552669374,2565.2502122910546
72,0.011787686347935873,approximate,False,0,True,2,5.225090633252009,0.2579072823396388,2574.1124691238656
73,0.011787686347935873,approximate,False,0,True,3,5.236211293723474,0.25520276258289276,2547.066687184076
74,0.011787686347935873,approximate,False,0,True,4,5.24366773673888,0.25572227485255017,2552.2624879088576
75,0.011787686347935873,approximate,False,0,False,0,4.983655738537545,0.32235736332243375,3218.557288962875
76,0.011787686347935873,approximate,False,0,False,1,4.982796500955666,0.32165449378113253,3211.527734312281
77,0.011787686347935873,approximate,False,0,False,2,4.983336995492573,0.32108914219356416,3205.8747589311342
78,0.011787686347935873,approximate,False,0,False,3,4.98271266378971,0.32328942945328976,3227.8770071966874
79,0.011787686347935873,approximate,False,0,False,4,4.983213308621194,0.32145585673685173,3209.5417806771384
80,0.02682695795279726,ladmap,False,0,True,0,5.370973001627924,0.274990068147786,2744.4857064969456
81,0.02682695795279726,ladmap,False,0,True,1,5.375794082278959,0.27482199064877916,2742.8029552645144
82,0.02682695795279726,ladmap,False,0,True,2,5.381523099481817,0.2803074290254561,2797.6569944119155
83,0.02682695795279726,ladmap,False,0,True,3,5.376405031978742,0.27161323839501267,2710.7231088481813
84,0.02682695795279726,ladmap,False,0,True,4,5.376004727951747,0.279497601075696,2789.557280261647
85,0.02682695795279726,ladmap,False,0,False,0,5.048613814789469,0.2539956605445711,2535.005219260501
86,0.02682695795279726,ladmap,False,0,False,1,5.0496864132067865,0.2548360480396052,2543.410166809259
87,0.02682695795279726,ladmap,False,0,False,2,5.0491999372608,0.25178009351220854,2512.850135059346
88,0.02682695795279726,ladmap,False,0,False,3,5.047515387944769,0.24722672126638756,2467.31472805182
89,0.02682695795279726,ladmap,False,0,False,4,5.0501246221629925,0.2519023316933044,2514.073441555207
90,0.02682695795279726,approximate,False,0,True,0,5.171495550237308,0.22195397732481742,2214.5472961388577
91,0.02682695795279726,approximate,False,0,True,1,5.175136492330023,0.22166366164471474,2211.6445723570014
92,0.02682695795279726,approximate,False,0,True,2,5.164301371909564,0.22380282981389238,2233.036272984213
93,0.02682695795279726,approximate,False,0,True,3,5.170831506637126,0.21934113620389328,2188.4183287582337
94,0.02682695795279726,approximate,False,0,True,4,5.178971329504611,0.22160254255416678,2211.0327464630273
95,0.02682695795279726,approximate,False,0,False,0,4.98201671202333,0.26145218959141886,2609.503912626212
96,0.02682695795279726,approximate,False,0,False,1,4.981144351855143,0.2608868380038505,2603.84952439036
97,0.02682695795279726,approximate,False,0,False,2,4.981645833312011,0.2628884882192953,2623.866528026265
98,0.02682695795279726,approximate,False,0,False,3,4.981096578690531,0.2618953029978914,2613.9341265576045
99,0.02682695795279726,approximate,False,0,False,4,4.981410499256105,0.26042844482474103,2599.2658587466663
100,0.0610540229658533,ladmap,False,0,True,0,5.052003451947534,0.20037893836139717,1998.279764524034
101,0.0610540229658533,ladmap,False,0,True,1,5.021761143243976,0.20646028787091647,2059.0847441543115
102,0.0610540229658533,ladmap,False,0,True,2,5.052324801966991,0.20710203832166976,2065.5067768276253
103,0.0610540229658533,ladmap,False,0,True,3,4.9835609091147,0.2009901292668765,2004.3901148589034
104,0.0610540229658533,ladmap,False,0,True,4,4.979284636405029,0.19503101793845307,1944.7949220539326
105,0.0610540229658533,ladmap,False,0,False,0,5.055033252337329,0.1407267059866149,1402.3220931184865
106,0.0610540229658533,ladmap,False,0,False,1,5.056478738921066,0.13667756623781438,1361.8321411170648
107,0.0610540229658533,ladmap,False,0,False,2,5.055498575715438,0.1430797909727103,1425.8534083028187
108,0.0610540229658533,ladmap,False,0,False,3,5.055213189186367,0.1383889007731565,1378.9442209207514
109,0.0610540229658533,ladmap,False,0,False,4,5.0568552546307854,0.13877089508908108,1382.7658061454417
110,0.0610540229658533,approximate,False,0,True,0,4.9575826213862575,0.18057635302386701,1800.5973882994147
111,0.0610540229658533,approximate,False,0,True,1,4.969777242477709,0.17648137395715552,1759.6472586120096
112,0.0610540229658533,approximate,False,0,True,2,4.959182710221597,0.17706200531736088,1765.4541952029383
113,0.0610540229658533,approximate,False,0,True,3,4.971371022303516,0.169697154906335,1691.805247295156
114,0.0610540229658533,approximate,False,0,True,4,4.968255884097555,0.17238639489044402,1718.6977234424908
115,0.0610540229658533,approximate,False,0,False,0,4.982434812111543,0.16020841609876846,1597.066595799796
116,0.0610540229658533,approximate,False,0,False,1,4.9818279511191905,0.1619655899520215,1614.6377274713343
117,0.0610540229658533,approximate,False,0,False,2,4.982237328166259,0.16303517403661033,1625.3339776942696
118,0.0610540229658533,approximate,False,0,False,3,4.981957142990681,0.16014729700822053,1596.4549272251961
119,0.0610540229658533,approximate,False,0,False,4,4.982102238264602,0.16118632154753537,1606.8453177136182
120,0.13894954943731375,ladmap,False,0,True,0,4.552571827282843,0.11522476545549003,1146.5824035176242
121,0.13894954943731375,ladmap,False,0,True,1,4.567878380448427,0.11468997341319562,1141.2491160037732
122,0.13894954943731375,ladmap,False,0,True,2,4.578672365618044,0.11061027411912111,1100.4346880981632
123,0.13894954943731375,ladmap,False,0,True,3,4.675581795832539,0.11924334565901659,1186.853622098236
124,0.13894954943731375,ladmap,False,0,True,4,4.564196055974,0.11407878250771629,1135.1212367577123
125,0.13894954943731375,ladmap,False,0,False,0,5.056775280888186,0.047046419949271154,465.52097477359973
126,0.13894954943731375,ladmap,False,0,False,1,5.057189071386055,0.04562540109403172,451.3112000117033
127,0.13894954943731375,ladmap,False,0,False,2,5.069519187232772,0.05127891696971549,507.8586888843877
128,0.13894954943731375,ladmap,False,0,False,3,5.056752653395059,0.04553372245820982,450.39397723549325
129,0.13894954943731375,ladmap,False,0,False,4,5.056007663227229,0.044662775417901784,441.683761842245
130,0.13894954943731375,approximate,False,0,True,0,4.716777025915144,0.12527885585062495,1247.3671057511567
131,0.13894954943731375,approximate,False,0,True,1,4.7256510509252045,0.11913638725055771,1185.9427912626825
132,0.13894954943731375,approximate,False,0,True,2,4.709698776716441,0.11825016043761269,1177.080986199349
133,0.13894954943731375,approximate,False,0,True,3,4.729435680313753,0.1128869602420316,1123.4488059810137
134,0.13894954943731375,approximate,False,0,True,4,4.7403361396923165,0.11551508113559271,1149.73020404108
135,0.13894954943731375,approximate,False,0,False,0,4.977234537833502,0.08329004064419522,827.8776409797857
136,0.13894954943731375,approximate,False,0,False,1,4.9765283517432914,0.08277052837453779,822.6818120971211
137,0.13894954943731375,approximate,False,0,False,2,4.977041556971485,0.08081471747700394,803.1242163270109
138,0.13894954943731375,approximate,False,0,False,3,4.976815072873655,0.07892002567001803,784.177071773054
139,0.13894954943731375,approximate,False,0,False,4,4.976932472627783,0.08275524860190081,822.529418491636
140,0.31622776601683794,ladmap,False,0,True,0,4.534588567643465,0.029459401644103534,288.94997202398264
141,0.31622776601683794,ladmap,False,0,True,1,4.547493482523259,0.0395593313571494,389.93448368275176
142,0.31622776601683794,ladmap,False,0,True,2,4.544844728436529,0.03295846957797268,323.92389289643677
143,0.31622776601683794,ladmap,False,0,True,3,4.540896013145093,0.035586590471533786,350.1930274739193
144,0.31622776601683794,ladmap,False,0,True,4,4.555358809039615,0.029321883690370688,287.54531075783365
145,0.31622776601683794,ladmap,False,0,False,0,5.044919147837697,0.022339027595269383,218.43519510053153
146,0.31622776601683794,ladmap,False,0,False,1,5.030462367140232,0.02160559850869419,211.08644745408213
147,0.31622776601683794,ladmap,False,0,False,2,5.031211873890596,0.020994407603214863,204.9752879060392
148,0.31622776601683794,ladmap,False,0,False,3,5.029995494937923,0.020612413287290285,201.15412836784077
149,0.31622776601683794,ladmap,False,0,False,4,5.04553434940667,0.02140696146441341,209.11514899354074
150,0.31622776601683794,approximate,False,0,True,0,4.586745021403137,0.0578033798857073,572.5000825608711
151,0.31622776601683794,approximate,False,0,True,1,4.633849110149272,0.05433487149711212,537.8154770576973
152,0.31622776601683794,approximate,False,0,True,2,4.602642093935473,0.05494606240259145,543.9280029423242
153,0.31622776601683794,approximate,False,0,True,3,4.59781187867336,0.05612260489563915,555.6929836272776
154,0.31622776601683794,approximate,False,0,True,4,4.6236994294858205,0.054350151269749104,537.9689206417493
155,0.31622776601683794,approximate,False,0,False,0,4.96798837627467,0.03745072273324573,369.4752157087319
156,0.31622776601683794,approximate,False,0,False,1,4.9672019371952425,0.03801607432081411,375.1279451453363
157,0.31622776601683794,approximate,False,0,False,2,4.9677878426184705,0.03942181340341656,389.18592187678405
158,0.31622776601683794,approximate,False,0,False,3,4.967388236700242,0.036717293646670535,362.14032470340555
159,0.31622776601683794,approximate,False,0,False,4,4.9674572802789605,0.036564495920300706,360.612416483286
160,0.7196856730011522,ladmap,False,0,True,0,4.465558957829016,0.005485438376676955,49.172442749725704
161,0.7196856730011522,ladmap,False,0,True,1,4.4692361890481855,0.006111909054793265,55.43729333350282
162,0.7196856730011522,ladmap,False,0,True,2,4.50120676021989,0.006448064052806894,58.79814692960944
163,0.7196856730011522,ladmap,False,0,True,3,4.503259385955487,0.008358035632429789,77.89753495487615
164,0.7196856730011522,ladmap,False,0,True,4,4.514649746880841,0.006646701097087675,60.78390806522391
165,0.7196856730011522,ladmap,False,0,False,0,5.038057004056887,0.020108180790269842,196.1198649067553
166,0.7196856730011522,ladmap,False,0,False,1,5.03847910789299,0.01966506738379733,191.68915294586625
167,0.7196856730011522,ladmap,False,0,False,2,5.050639659767778,0.01937475170369465,188.79815669671427
168,0.7196856730011522,ladmap,False,0,False,3,5.051499172389785,0.018962197842496104,184.67347759735082
169,0.7196856730011522,ladmap,False,0,False,4,5.03834369706795,0.019878984200715093,193.82818570421887
170,0.7196856730011522,approximate,False,0,True,0,4.509318837377406,0.006646701097087675,60.8165931156122
171,0.7196856730011522,approximate,False,0,True,1,4.521687966253552,0.006555022461265776,59.900634036725215
172,0.7196856730011522,approximate,False,0,True,2,4.522581550265684,0.0076246065458545976,70.5963787185458
173,0.7196856730011522,approximate,False,0,True,3,4.538733358233192,0.008342755859792807,77.77807199160884
174,0.7196856730011522,approximate,False,0,True,4,4.537579276414612,0.007838523362772363,72.73571054144715
175,0.7196856730011522,approximate,False,0,False,0,4.949413804822797,0.024814350762460656,243.09292142942934
176,0.7196856730011522,approximate,False,0,False,1,4.949091571643918,0.024967148488830485,244.62057645994875
177,0.7196856730011522,approximate,False,0,False,2,4.949503813827554,0.024906029398282552,244.0097977966531
178,0.7196856730011522,approximate,False,0,False,3,4.949122922964301,0.025089386669926352,245.84298962222783
179,0.7196856730011522,approximate,False,0,False,4,4.9491839122136065,0.02479907098982367,242.93989381045031
180,1.6378937069540647,ladmap,False,0,True,0,4.467314181758698,0.003606026342328026,30.36353096567233
181,1.6378937069540647,ladmap,False,0,True,1,4.519486054551383,0.003590746569691043,30.211896998779785
182,1.6378937069540647,ladmap,False,0,True,2,4.459257431478441,0.003606026342328026,30.365808178059634
183,1.6378937069540647,ladmap,False,0,True,3,4.50797905216405,0.0035754667970540597,30.057192427836206
184,1.6378937069540647,ladmap,False,0,True,4,4.501623163006999,0.003590746569691043,30.211308720092223
185,1.6378937069540647,ladmap,False,0,False,0,5.0270908209556735,0.01691470830914036,164.17417391235927
186,1.6378937069540647,ladmap,False,0,False,1,5.026558998928832,0.016746630810133546,162.49286710026428
187,1.6378937069540647,ladmap,False,0,False,2,5.02694983073844,0.016975827399688292,164.78522382762134
188,1.6378937069540647,ladmap,False,0,False,3,5.027555354439965,0.01709806558078416,166.00821116228153
189,1.6378937069540647,ladmap,False,0,False,4,5.027828623069057,0.01696054762705131,164.63330489358216
190,1.6378937069540647,approximate,False,0,True,0,4.519551036056511,0.0036365858876019927,30.697581402618585
191,1.6378937069540647,approximate,False,0,True,1,4.5146041756747,0.003590746569691043,30.240025332422448
192,1.6378937069540647,approximate,False,0,True,2,4.523466215755085,0.003697704978149925,31.309033656379484
193,1.6378937069540647,approximate,False,0,True,3,4.496640713430352,0.0036518656602389757,30.849730283011176
194,1.6378937069540647,approximate,False,0,True,4,4.515440268485049,0.0036518656602389757,30.849249282033092
195,1.6378937069540647,approximate,False,0,False,0,4.898354456485781,0.021972313051981787,214.62148497630363
196,1.6378937069540647,approximate,False,0,False,1,4.8981728836073755,0.021957033279344805,214.46850567705542
197,1.6378937069540647,approximate,False,0,False,2,4.898950126028927,0.02194175350670782,214.3164851931071
198,1.6378937069540647,approximate,False,0,False,3,4.898522362248069,0.02198759282461877,214.77445060843576
199,1.6378937069540647,approximate,False,0,False,4,4.898677798578075,0.02207927146044067,215.69139240298475
200,3.7275937203149416,ladmap,False,0,True,0,4.485644218856891,0.0035449072517800937,29.782815163870165
201,3.7275937203149416,ladmap,False,0,True,1,4.499289796105926,0.0035449072517800937,29.784486172950622
202,3.7275937203149416,ladmap,False,0,True,2,4.485923245020952,0.0035449072517800937,29.784870680715525
203,3.7275937203149416,ladmap,False,0,True,3,4.506065500177202,0.0035449072517800937,29.78326996354201
204,3.7275937203149416,ladmap,False,0,True,4,4.48315069879554,0.0035449072517800937,29.78389008223764
205,3.7275937203149416,ladmap,False,0,False,0,5.02527764971493,0.010329126302600617,98.31654067572111
206,3.7275937203149416,ladmap,False,0,False,1,5.042568607974508,0.01072640039116218,102.30657251959629
207,3.7275937203149416,ladmap,False,0,False,2,5.022494781204295,0.01014576903095682,96.48018509077248
208,3.7275937203149416,ladmap,False,0,False,3,5.02335507260182,0.01014576903095682,96.48104538217
209,3.7275937203149416,ladmap,False,0,False,4,5.024785661374723,0.010344406075237601,98.46884641375073
210,3.7275937203149416,approximate,False,0,True,0,4.534755202135774,0.003606026342328026,30.41767332853798
211,3.7275937203149416,approximate,False,0,True,1,4.537861497939981,0.003606026342328026,30.418869696898994
212,3.7275937203149416,approximate,False,0,True,2,4.502569064201089,0.003606026342328026,30.418182421697857
213,3.7275937203149416,approximate,False,0,True,3,4.519327551286818,0.0035601870244170767,29.959783312056363
214,3.7275937203149416,approximate,False,0,True,4,4.522940083159536,0.003606026342328026,30.417253237107015
215,3.7275937203149416,approximate,False,0,False,0,4.822171373121455,0.009290101763285763,87.72318900597907
216,3.7275937203149416,approximate,False,0,False,1,4.821350293369187,0.009244262445374813,87.26397474711732
217,3.7275937203149416,approximate,False,0,False,2,4.8218346369704195,0.009335941081196711,88.18124544893755
218,3.7275937203149416,approximate,False,0,False,3,4.822360659828505,0.009290101763285763,87.72337829268612
219,3.7275937203149416,approximate,False,0,False,4,4.822286675594814,0.009305381535922745,87.87610203482225
220,8.483428982440726,ladmap,False,0,True,0,4.6387076597897625,0.003514347706506127,29.52936467380791
221,8.483428982440726,ladmap,False,0,True,1,4.560060439421304,0.0032698713443143966,27.044070101275885
222,8.483428982440726,ladmap,False,0,True,2,4.564241626504661,0.0032698713443143966,27.06803182298026
223,8.483428982440726,ladmap,False,0,True,3,4.585024656187587,0.0035601870244170767,29.9530762316048
224,8.483428982440726,ladmap,False,0,True,4,4.622011839620605,0.0035601870244170767,29.97212289970775
225,8.483428982440726,ladmap,False,0,False,0,5.005874369211649,0.006906457231916389,64.07044668837554
226,8.483428982440726,ladmap,False,0,False,1,5.00466494545714,0.006875897686642422,63.76364181188136
227,8.483428982440726,ladmap,False,0,False,2,4.999656579071446,0.006830058368731473,63.30024026638618
228,8.483428982440726,ladmap,False,0,False,3,4.998962823446994,0.006830058368731473,63.29954651076173
229,8.483428982440726,ladmap,False,0,False,4,5.001365517812706,0.006891177459279406,63.91314011060677
230,8.483428982440726,approximate,False,0,True,0,4.582175230038251,0.0032698713443143966,27.11443692433584
231,8.483428982440726,approximate,False,0,True,1,4.5944719642807,0.0032545915716774136,26.96130325410256
232,8.483428982440726,approximate,False,0,True,2,4.569583040469943,0.0032698713443143966,27.1133464714623
233,8.483428982440726,approximate,False,0,True,3,4.576105772637636,0.0032698713443143966,27.11488115659529
234,8.483428982440726,approximate,False,0,True,4,4.556480093376524,0.0032698713443143966,27.1140972436347
235,8.483428982440726,approximate,False,0,False,0,4.793474162542816,0.0017724536258900468,12.518010421443284
236,8.483428982440726,approximate,False,0,False,1,4.792723533238201,0.0018182929438009963,12.975652971248165
237,8.483428982440726,approximate,False,0,False,2,4.793469251061509,0.0017724536258900468,12.518005509961977
238,8.483428982440726,approximate,False,0,False,3,4.793187969381624,0.0018182929438009963,12.976117407391587
239,8.483428982440726,approximate,False,0,False,4,4.793981572312174,0.001803013171164013,12.824113283952304
240,19.306977288832496,ladmap,False,0,True,0,4.745722134124517,0.0,4.681182716623506
241,19.306977288832496,ladmap,False,0,True,1,4.7064503367502315,0.0,4.640783576330952
242,19.306977288832496,ladmap,False,0,True,2,4.665672783231574,0.0,4.618256399733741
243,19.306977288832496,ladmap,False,0,True,3,4.841195272026271,0.003499067933869144,29.598062371843866
244,19.306977288832496,ladmap,False,0,True,4,4.646537855492062,0.0,4.557601836051304
245,19.306977288832496,ladmap,False,0,False,0,4.937212956342429,0.0021697277144516088,16.634490100858518
246,19.306977288832496,ladmap,False,0,False,1,4.937021428182131,0.002185007487088592,16.787096299068054
247,19.306977288832496,ladmap,False,0,False,2,4.91134341663482,0.002612841120924121,21.03975462587603
248,19.306977288832496,ladmap,False,0,False,3,4.937004470304133,0.0021697277144516088,16.63428161482022
249,19.306977288832496,ladmap,False,0,False,4,4.90888620854661,0.002643400666198087,21.34289287052748
250,19.306977288832496,approximate,False,0,True,0,4.634026508576518,0.0020627693059927267,15.146249795502477
251,19.306977288832496,approximate,False,0,True,1,4.64591407506197,0.002108608623903676,15.603667258540465
252,19.306977288832496,approximate,False,0,True,2,4.644754765346114,0.00207804907862971,15.297872633468856
253,19.306977288832496,approximate,False,0,True,3,4.634597188715628,0.002093328851266693,15.451566182206905
254,19.306977288832496,approximate,False,0,True,4,4.64109469623872,0.002093328851266693,15.451467610812117
255,19.306977288832496,approximate,False,0,False,0,4.57530470840889,0.00047367295174647803,4.57530470840889
256,19.306977288832496,approximate,False,0,False,1,4.574648690691107,0.00047367295174647803,4.574648690691107
257,19.306977288832496,approximate,False,0,False,2,4.574456224985907,0.0004889527243834612,4.574456224985907
258,19.306977288832496,approximate,False,0,False,3,4.57515349157673,0.00047367295174647803,4.57515349157673
259,19.306977288832496,approximate,False,0,False,4,4.5752576353534415,0.00047367295174647803,4.5752576353534415
260,43.93970560760795,ladmap,False,0,True,0,4.819949022762667,0.0,4.7614744149254955
261,43.93970560760795,ladmap,False,0,True,1,4.8039323685510205,0.0,4.76149505874719
262,43.93970560760795,ladmap,False,0,True,2,4.806837316290101,0.0,4.761870404568973
263,43.93970560760795,ladmap,False,0,True,3,4.808336121692679,0.0,4.762011518958092
264,43.93970560760795,ladmap,False,0,True,4,4.824137784892485,0.0,4.762120924490174
265,43.93970560760795,ladmap,False,0,False,0,4.760131529567806,0.0,4.760131529567806
266,43.93970560760795,ladmap,False,0,False,1,4.76000417526938,0.0,4.76000417526938
267,43.93970560760795,ladmap,False,0,False,2,4.760364816308037,0.0,4.760364816308037
268,43.93970560760795,ladmap,False,0,False,3,4.761161716592433,0.0,4.761161716592433
269,43.93970560760795,ladmap,False,0,False,4,4.763896199928843,0.0,4.763896199928843
270,43.93970560760795,approximate,False,0,True,0,4.792027782414915,0.0,4.7762441503133735
271,43.93970560760795,approximate,False,0,True,1,4.835584761432326,0.0,4.776051333914353
272,43.93970560760795,approximate,False,0,True,2,4.812848947199036,0.0,4.775942578148468
273,43.93970560760795,approximate,False,0,True,3,4.822829325766144,0.0,4.776761471029785
274,43.93970560760795,approximate,False,0,True,4,4.810344968307128,0.0,4.776336363399193
275,43.93970560760795,approximate,False,0,False,0,4.757665442606138,0.0,4.757665442606138
276,43.93970560760795,approximate,False,0,False,1,4.757228332697258,0.0,4.757228332697258
277,43.93970560760795,approximate,False,0,False,2,4.757254199341973,0.0,4.757254199341973
278,43.93970560760795,approximate,False,0,False,3,4.758206097396862,0.0,4.758206097396862
279,43.93970560760795,approximate,False,0,False,4,4.75792907736055,0.0,4.75792907736055
280,100.0,ladmap,False,0,True,0,,,
281,100.0,ladmap,False,0,True,1,,,
282,100.0,ladmap,False,0,True,2,,,
283,100.0,ladmap,False,0,True,3,,,
284,100.0,ladmap,False,0,True,4,,,
285,100.0,ladmap,False,0,False,0,,,
286,100.0,ladmap,False,0,False,1,,,
287,100.0,ladmap,False,0,False,2,,,
288,100.0,ladmap,False,0,False,3,,,
289,100.0,ladmap,False,0,False,4,,,
290,100.0,approximate,False,0,True,0,,,
291,100.0,approximate,False,0,True,1,,,
292,100.0,approximate,False,0,True,2,,,
293,100.0,approximate,False,0,True,3,,,
294,100.0,approximate,False,0,True,4,,,
295,100.0,approximate,False,0,False,0,4.783471015595826,0.0,4.783471015595826
296,100.0,approximate,False,0,False,1,4.783261416308047,0.0,4.783261416308047
297,100.0,approximate,False,0,False,2,4.783477270398215,0.0,4.783477270398215
298,100.0,approximate,False,0,False,3,4.783851728581732,0.0,4.783851728581732
299,100.0,approximate,False,0,False,4,4.783873632339871,0.0,4.783873632339871
